name,title,start,end,id,specifier
Ola Ullsten,Statsminister,1978-10-18,1979-10-12,ola_ullsten_statsministe,
Carl Tham,Energi- och samordningsminister,1978-10-18,1979-10-12,carl_tham_energi_och_,
Sven Romanus,Justitieminister,1976-10-08,1979-10-12,sven_romanus_justitiemini,
Hans Blix,Utrikes- och biståndsminister,1978-10-18,1979-10-12,hans_blix_utrikes_och,
Lars De Geer,Försvarsminister,1978-10-18,1979-10-12,lars_de_geer_forsvarsmini,
Gabriel Romanus,Socialminister,1978-10-18,1979-10-12,gabriel_romanus_socialminist,
Hedda Lindahl,Sjukvårdsminister,1978-10-18,1979-10-12,hedda_lindahl_sjukvardsmin,
Anitha Bondestam,Kommunikationsminister,1978-10-18,1979-10-12,anitha_bondestam_kommunikatio,
Ingemar Mundebo,Ekonomiminister,1978-10-18,1979-10-12,ingemar_mundebo_ekonomiminis,
Ingemar Mundebo,Budgetminister,1976-11-25,1980-07-31,ingemar_mundebo_budgetminist,
Marianne Wahlberg,Löneminister,1978-10-18,1979-10-12,marianne_wahlberg_loneminister,
Jan-Erik Wikström,Utbildningsminister,1976-10-08,1982-10-08,jan_erik_wikstrom_utbildningsm,
Birgit Rodhe,Skolminister,1978-10-18,1979-10-12,birgit_rodhe_skolminister,
Eric Enlund,Jordbruksminister,1978-10-18,1979-10-12,eric_enlund_jordbruksmin,
Hadar Cars,Handelsminister,1978-10-18,1979-10-12,hadar_cars_handelsminis,
Rolf Wirtén,Arbetsmarknadsminister,1978-03-07,1980-07-31,rolf_wirten_arbetsmarkna,
Eva Winther,Invandrar- och jämställdhetsminister,1978-10-18,1979-10-12,eva_winther_invandrar_o,
Birgit Friggebo,Bostadsminister,1978-10-18,1979-10-12,birgit_friggebo_bostadsminis,
Erik Huss,Industriminister,1978-10-18,1979-10-12,erik_huss_industrimini,
Bertil Hansson,Kommun- och kyrkominister samt minister för nordiskt samarbete,1978-10-18,1979-10-12,bertil_hansson_kommun_och_,
Göran Persson,Statsminister,1996-03-22,2006-10-06,goran_persson_statsministe,
Lena Hjelm-Wallén,Vice statsminister,1998-10-07,2002-10-21,lena_hjelm_wallen_vice_statsmi,
Margareta Winberg,Vice statsminister,2002-10-21,2003-10-31,margareta_winberg_vice_statsmi,
Lars Engqvist,Vice statsminister,2004-06-01,2004-10-01,lars_engqvist_vice_statsmi,
Bosse Ringholm,Vice statsminister och idrottsminister,2004-11-01,2006-10-06,bosse_ringholm_vice_statsmi,
Leif Pagrotsky,Samordningsminister och Minister för vapenexportfrågor,1996-03-22,1997-02-01,leif_pagrotsky_samordningsm,
Thage G Peterson,Samordningsminister och Minister för vapenexportfrågor,1997-02-01,1998-10-07,thage_g_peterson_samordningsm,
Pär Nuder,Samordningsminister och Minister för vapenexportfrågor,2002-10-21,2004-10-21,par_nuder_samordningsm,
Bosse Ringholm,Samordningsminister i EU-frågor,2005-01-01,2006-10-06,bosse_ringholm_samordningsm,
Laila Freivalds,Justitieminister,1994-10-07,2000-09-21,laila_freivalds_justitiemini,
Lena Hjelm-Wallén,Justitieminister,2000-09-21,2000-10-16,lena_hjelm_wallen_justitiemini,
Thomas Bodström,Justitieminister,2000-10-16,2006-10-06,thomas_bodstrom_justitiemini,
Britta Lejon,Demokrati- konsument- och förvaltningsminister,1998-10-07,2000-10-16,britta_lejon_demokrati_k,
Britta Lejon,Demokrati- konsument- ungdoms- och förvaltningsminister,2000-10-16,2002-10-15,britta_lejon_demokrati_k,
Mona Sahlin,Demokrati- integrations- jämställdhets- och idrottsminister,2000-10-21,2004-10-21,mona_sahlin_demokrati_i,
Jens Orback,Demokrati- storstads- integrations- och  jämställdhetsminister,2004-10-21,2006-10-06,jens_orback_demokrati_s,
Lena Hjelm-Wallén,Utrikesminister,1994-10-07,1998-10-07,lena_hjelm_wallen_utrikesminis,
Anna Lindh,Utrikesminister,1998-10-07,2003-09-11,anna_lindh_utrikesminis,
Jan O Karlsson,Utrikesminister,2021-09-11,2003-10-10,jan_o_karlsson_utrikesminis,
Laila Freivalds,Utrikesminister,2003-10-10,2006-03-21,laila_freivalds_utrikesminis,
Bo Ringholm,Utrikesminister,2006-03-21,2006-03-27,bo_ringholm_utrikesminis,
Carin Jämtin,Utrikesminister,2006-03-27,2006-04-24,carin_jamtin_utrikesminis,
Jan Eliasson,Utrikesminister,2006-04-24,2006-10-06,jan_eliasson_utrikesminis,
Pierre Schori,Biståndsminister,1994-10-07,1999-09-14,pierre_schori_bistandsmini,
Maj-Inger Klingvall,Biståndsminister,1999-09-14,2001-11-16,maj_inger_klingvall_bistandsmini,
Jan O Karlssonn ,Biståndsminister,2002-01-07,2003-10-10,jan_o_karlssonn_bistandsmini,
Carin Jämtin,Biståndsminister,2003-10-10,2006-10-06,carin_jamtin_bistandsmini,
Pierre Schori,Migrationsminister,1996-03-22,1999-09-14,pierre_schori_migrationsmi,
Maj-Inger Klingvall,Migrationsminister,1999-09-14,2001-11-16,maj_inger_klingvall_migrationsmi,
Jan O Karlsson,Migrationsminister,2002-01-07,2003-10-10,jan_o_karlsson_migrationsmi,
Barbro Holmberg,Migrationsminister,2003-10-10,2006-10-06,barbro_holmberg_migrationsmi,
Leif Pagrotsky,Utrikeshandelsminister och minister för nordiskt samarbete,1997-02-01,2002-10-21,leif_pagrotsky_utrikeshande,
Thage G Peterson,Försvarsminister,1994-10-07,1997-02-01,thage_g_peterson_forsvarsmini,
Björn von Sydow,Försvarsminister,1997-02-01,2002-09-30,bjorn_von_sydow_forsvarsmini,
Lena Hjelm-Wallén,Försvarsminister,2002-09-30,2002-10-21,lena_hjelm_wallen_forsvarsmini,
Pär Nuder,Försvarsminister,2002-10-21,2002-11-03,par_nuder_forsvarsmini,
Leni Björklund,Försvarsminister,2002-11-04,2006-10-06,leni_bjorklund_forsvarsmini,
Margot Wallström,Socialminister,1996-03-22,1998-10-07,margot_wallstrom_socialminist,
Anders Sundström,Socialminister,1998-10-07,1998-10-26,anders_sundstrom_socialminist,
Maj-Inger Klingvall,Socialminister,1998-10-26,1998-11-16,maj_inger_klingvall_socialminist,
Lars Engqvist,Socialminister,1998-11-16,2004-10-01,lars_engqvist_socialminist,
Berit Andnor,Socialminister,2004-10-01,2006-10-06,berit_andnor_socialminist,
Maj-Inger Klingvall,Socialförsäkringsminister,1996-03-22,1999-09-14,maj_inger_klingvall_socialforsak,
Ingela Thalén,Socialförsäkringsminister,1999-09-14,2002-10-10,ingela_thalen_socialforsak,
Morgan Johansson,Folkhälso- och socialtjänstminister,2002-10-21,2006-10-06,morgan_johansson_folkhalso_o,
Berit Andnor,Barn- och familjeminister,2002-10-21,2004-10-01,berit_andnor_barn_och_fa,
Ylva Johansson,Vård- och äldreomsorgsminister,2004-10-01,2006-10-06,ylva_johansson_vard_och_al,
Berit Andnor,Minister för nordiskt samarbete,2002-10-21,2006-10-06,berit_andnor_minister_for,
Ines Uusmann,Kommunikations- och IT-minister,1994-10-07,1998-10-06,ines_uusmann_kommunikatio,
Björn Rosengren,Kommunikations- och IT-minister,1998-10-07,1998-12-31,bjorn_rosengren_kommunikatio,
Erik Åsbrink,Finansminister,1996-03-22,1999-04-12,erik_asbrink_finansminist,
Bosse Ringholm,Finansminister,1999-04-12,2004-10-21,bosse_ringholm_finansminist,
Pär Nuder,Finansminister,2004-10-21,2006-10-06,par_nuder_finansminist,
Thomas Östros,Skatte- och bostadsminister,1996-03-22,1998-10-07,thomas_ostros_skatte_och_,
Lars Engqvist,Kommun- och bostadsminister,1998-10-07,1998-11-16,lars_engqvist_kommun_och_,
Lars-Erik Lövdén,Kommun- och bostadsminister,1998-11-16,2004-10-21,lars_erik_lovden_kommun_och_,
Gunnar Lund,Finansmarknadsminister och minister för internationell ekonomi,2002-10-21,2004-10-21,gunnar_lund_finansmarkna,
Sven-Erik Österberg,Kommun- och finansmarknadsminister,2004-10-21,2006-10-06,sven_erik_osterberg_kommun_och_,
Carl Tham,Utbildningsminister,1994-10-07,1998-10-07,carl_tham_utbildningsm,
Thomas Östros,Utbildningsminister,1998-10-07,2004-10-21,thomas_ostros_utbildningsm,
Leif Pagrotsky,Utbildningsminister,2004-10-21,2006-10-06,leif_pagrotsky_utbildningsm,
Leif Pagrotsky,Kulturminister,2005-01-01,2006-10-06,leif_pagrotsky_kulturminist,
Ylva Johansson,Skolminister,1994-10-07,1998-10-07,ylva_johansson_skolminister,
Ingegerd Wärnersson,Skolminister,1998-10-07,2002-01-16,ingegerd_warnersson_skolminister,
Thomas Östros,Skolminister,2002-01-16,2004-10-21,thomas_ostros_skolminister,
Ibrahim Baylan,Skolminister,2004-10-21,2006-10-06,ibrahim_baylan_skolminister,
Leif Pagrotsky,Forskningsminister,2004-09-13,2006-10-06,leif_pagrotsky_forskningsmi,
Lena Hallengren,Förskole- och ungdomsminister minister för vuxnas lärande,2002-10-21,2006-10-06,lena_hallengren_forskole_oc,
Lena Hallengren,Kyrkominister,2004-09-13,2006-10-06,lena_hallengren_kyrkoministe,
Annika Åhnberg,Jordbruksminister,1996-03-22,1998-10-07,annika_ahnberg_jordbruksmin,
Margareta Winberg,Jordbruks- och jämställdhetsminister,1998-10-07,2002-10-21,margareta_winberg_jordbruks_o,
Ann-Christin Nykvist,Jordbruks- och konsumentminister,2002-10-21,2006-10-06,ann_christin_nykvist_jordbruks_o,
Margareta Winberg,Arbetsmarknadsminister och minister för nordiskt samarbete,1996-03-22,1998-10-07,margareta_winberg_arbetsmarkna,
Björn Rosengren,Arbetsmarknadsminister och minister för nordiskt samarbete,1998-10-07,1998-12-31,bjorn_rosengren_arbetsmarkna,
Ulrica Messing,Jämställdhets- och arbetsrättsminister,1996-03-22,1998-10-07,ulrica_messing_jamstalldhet,
Anders Sundström,Näringsminister,1996-03-22,1998-10-07,anders_sundstrom_naringsminis,
Björn Rosengren,Näringsminister,1998-10-07,2002-10-15,bjorn_rosengren_naringsminis,
Mona Sahlin,Näringsminister,2002-10-15,2002-10-21,mona_sahlin_naringsminis,
Leif Pagrotsky,Näringsminister,2002-10-21,2004-10-21,leif_pagrotsky_naringsminis,
Thomas Östros,Näringsminister,2004-10-21,2006-10-06,thomas_ostros_naringsminis,
Mona Sahlin,Arbetslivsminister,1998-10-07,2002-10-15,mona_sahlin_arbetslivsmi,
Hans Karlsson,Arbetslivsminister,2002-10-15,2006-10-06,hans_karlsson_arbetslivsmi,
Ulrica Messing,Infrastrukturminister,2000-10-21,2006-10-07,ulrica_messing_infrastruktu,
Björn von Sydow,Handelsminister,1996-03-22,1997-02-01,bjorn_von_sydow_handelsminis,
Jörgen Andersson,Civilminister,1996-03-22,1996-06-30,jorgen_andersson_civilministe,
Jörgen Andersson,Inrikesminister,1996-07-01,1998-10-07,jorgen_andersson_inrikesminis,
Lars Engqvist,Inrikesminister,1998-10-07,1998-11-16,lars_engqvist_inrikesminis,
Lars-Erik Lövdén,Inrikesminister,1998-11-16,1998-12-31,lars_erik_lovden_inrikesminis,
Leif Blomberg,Integrations- idrotts- ungdoms- och konsumentminister,1996-03-22,1998-03-02,leif_blomberg_integrations,
Lars Engqvist,Integrations- idrotts- ungdoms- och konsumentminister,1998-03-25,1998-10-07,lars_engqvist_integrations,
Marita Ulvskog,Kulturminister,1996-03-22,2004-09-13,marita_ulvskog_kulturminist,
Pär Nuder,Kulturminister,2004-09-13,2004-10-21,par_nuder_kulturminist,
Leif Pagrotsky,Kulturminister,2004-10-21,2004-12-31,leif_pagrotsky_kulturminist,
Marita Ulvskog,Kyrkominister,1996-03-22,2004-09-13,marita_ulvskog_kyrkoministe,
Ulrica Messing,Integrations- idrotts- och ungdomsminister,1998-10-07,2000-10-21,ulrica_messing_integrations,
Anna Lindh,Miljöministern ,1994-10-07,1998-10-07,anna_lindh_miljoministe,
Kjell Larsson,Miljöministern ,1998-10-07,2002-10-15,kjell_larsson_miljoministe,
Lena Sommestad,Miljöministern ,2002-10-21,2006-10-06,lena_sommestad_miljoministe,
Mona Sahlin,Samhällsbyggnads- bostads- och energiminister,2004-10-21,2006-10-06,mona_sahlin_samhallsbygg,
Lena Sommestad,Biträdande miljöminister,2002-01-16,2002-10-21,lena_sommestad_bitradande_m,
Carl Gustaf Ekman,Statsminister,1926-06-07,1928-10-02,carl_gustaf_ekman_statsministe,
Eliel Löfgren,Utrikesminister,1926-06-07,1928-10-02,eliel_lofgren_utrikesminis,
Johan Thyrén,Justitieminister,1926-06-07,1928-10-02,johan_thyren_justitiemini,
Gustav Rosén,Försvarsminister,1926-06-07,1928-10-02,gustav_rosen_forsvarsmini,
Jakob Pettersson,Socialminister,1926-06-07,1928-10-02,jakob_pettersson_socialminist,
Carl Meurling,Kommunikationsminister,1926-06-07,1928-10-02,carl_meurling_kommunikatio,
Carl Gustaf Ekman,Finansminister,1926-06-07,1926-09-30,carl_gustaf_ekman_finansminist,
Ernst Lyberg,Finansminister,1926-09-30,1928-10-02,ernst_lyberg_finansminist,
John Almkvist,Ecklesiastikminister,1926-06-07,1928-10-02,john_almkvist_ecklesiastik,
Paul Hellström,Jordbruksminister,1926-06-07,1927-07-03,paul_hellstrom_jordbruksmin,
Bo von Stockenström,Jordbruksminister,1927-07-12,1928-10-02,bo_von_stockenstrom_jordbruksmin,
Felix Hamrin,Handelsminister,1926-06-07,1928-10-02,felix_hamrin_handelsminis,
Sigurd Ribbing,Konsultativt statsråd,1926-06-07,1928-10-02,sigurd_ribbing_konsultativt,
Natanael Gärde,Konsultativt statsråd,1926-06-07,1928-10-02,natanael_garde_konsultativt,
Ernst Lyberg,Konsultativt statsråd,1926-06-07,2021-09-30,ernst_lyberg_konsultativt,
Per Albin Hansson,Statsminister,1945-07-31,1946-10-06,per_albin_hansson_statsministe,
Herman Zetterberg,Justitieminister,1945-07-31,1946-10-06,herman_zetterberg_justitiemini,
Östen Undén,Utrikesminister,1945-07-31,1946-10-06,osten_unden_utrikesminis,
Allan Vougt,Försvarsminister,1945-07-31,1946-10-06,allan_vougt_forsvarsmini,
Gustav Möller,Socialminister,1945-07-31,1946-10-06,gustav_moller_socialminist,
Torsten Nilsson,Kommunikationsminister,1945-07-31,1946-10-06,torsten_nilsson_kommunikatio,
Ernst Wigforss,Finansminister,1945-07-31,1946-10-06,ernst_wigforss_finansminist,
Tage Erlander,Ecklesiastikminister,1945-07-31,1946-10-06,tage_erlander_ecklesiastik,
Per Edvin Sköld,Jordbruksminister,1945-07-31,1946-10-06,per_edvin_skold_jordbruksmin,
Gunnar Myrdal,Handelsminister,1945-07-31,1946-10-06,gunnar_myrdal_handelsminis,
Axel Gjöres,Folkhushållningsminister,1945-07-31,1946-10-06,axel_gjores_folkhushalln,
Gunnar Danielson,Juristkonsult,1945-07-31,1946-10-06,gunnar_danielson_juristkonsul,
Nils Quensel,Juristkonsult,1945-07-31,1946-10-06,nils_quensel_juristkonsul,
Eije Mossberg,Bitr socialminister,1945-07-31,1946-10-06,eije_mossberg_bitr_socialm,
Gunnar Sträng,Bitr jordbruksminister,1945-07-31,1946-10-06,gunnar_strang_bitr_jordbru,
John Ericsson,Bränsleminister,1945-07-31,1946-10-06,john_ericsson_i_kinna_bransleminis, i Kinna
Stefan Löfven,Statsminister,2021-07-09,,stefan_lofven_statsministe,
Hans Dahlgren,EU-minister,2021-07-09,,hans_dahlgren_eu_minister,
Morgan Johansson,Justitie- och migrationsminister,2021-07-09,,morgan_johansson_justitie_oc,
Mikael Damberg,Inrikesminister,2021-07-09,,mikael_damberg_inrikesminis,
Ann Linde,Utrikesminister,2021-07-09,,ann_linde_utrikesminis,
Per Olsson Fridh,Minister för internationellt utvecklingssamarbete,2021-07-09,,per_olsson_fridh_minister_for,
Anna Hallberg,Utrikeshandelsminister ochminister med ansvar för nordiska frågor,2021-07-09,,anna_hallberg_utrikeshande,
Peter Hultqvist,Försvarsminister,2021-07-09,,peter_hultqvist_forsvarsmini,
Lena Hallengren,Socialminister,2021-07-09,,lena_hallengren_socialminist,
Ardalan Shekarabi,Socialförsäkringsminister,2021-07-09,,ardalan_shekarabi_socialforsak,
Magdalena Andersson,Finansminister,2021-07-09,,magdalena_andersson_finansminist,
Lena Micko,Civilminister,2021-07-09,,lena_micko_civilministe,
Åsa Lindhagen,Finansmarknadsminister och biträdande finansminister,2021-07-09,,asa_lindhagen_finansmarkna,
Anna Ekström,Utbildningsminister,2021-07-09,,anna_ekstrom_utbildningsm,
Matilda Ernkrans,Minister för högre utbildning och forskning,2021-07-09,,matilda_ernkrans_minister_for,
Per Bolund,Miljö- och klimatminister samt vice statsminister,2021-07-09,,per_bolund_miljo_och_k,
Ibrahim Baylan,Näringsminister,2021-07-09,,ibrahim_baylan_naringsminis,
Amanda Lind,Kultur- och demokratiminister samtminister med ansvar för idrottsfrågorna,2021-07-09,,amanda_lind_kultur_och_,
Eva Nordmark,Arbetsmarknadsminister,2021-07-09,,eva_nordmark_arbetsmarkna,
Märta Stenevi,Jämställdhets- och bostadsminister med ansvar för stadsutveckling ocharbetet mot segregation och diskriminering,2021-07-09,,marta_stenevi_jamstalldhet,
Tomas Eneroth,Infrastrukturminister,2021-07-09,,tomas_eneroth_infrastruktu,
Anders Ygeman,Energi- och digitaliseringsminister,2021-07-09,,anders_ygeman_energi_och_,
Thorbjörn Fälldin,Statsminister,1976-10-08,1978-10-18,thorbjorn_falldin_statsministe,
Sven Romanus,Justitieminister,1976-10-08,1978-10-18,sven_romanus_justitiemini,
Karin Söder,Utrikesminister,1976-10-08,1978-10-18,karin_soder_utrikesminis,
Ola Ullsten,Biståndsminister,1976-10-08,1978-10-18,ola_ullsten_bistandsmini,
Ola Ullsten,Invandrarminister,1977-01-11,1978-03-07,ola_ullsten_invandrarmin,
Ola Ullsten,Vice statsminister,1978-03-07,1978-10-18,ola_ullsten_vice_statsmi,
Eric Krönmark,Försvarsminister,1976-10-08,1978-10-18,eric_kronmark_forsvarsmini,
Rune Gustavsson,Socialminister,1976-10-08,1978-10-18,rune_gustavsson_socialminist,
Ingegerd Troedsson,Sjukvårdsminister,1976-10-08,1978-10-18,ingegerd_troedsson_sjukvardsmin,
Bo Turesson,Kommunikationsminister,1976-10-08,1978-10-18,bo_turesson_kommunikatio,
Gösta Bohman,Finansminister,1976-10-08,1976-11-25,gosta_bohman_finansminist,
Ingemar Mundebo,Biträdande finansminister,1976-10-08,1976-11-25,ingemar_mundebo_bitradande_f,
Gösta Bohman,Ekonomiminister,1976-11-25,1978-10-18,gosta_bohman_ekonomiminis,
Ingemar Mundebo,Budgetminister,1976-11-25,1978-10-18,ingemar_mundebo_budgetminist,
Jan-Erik Wikström,Utbildningsminister,1976-10-08,1978-10-18,jan_erik_wikstrom_utbildningsm,
Britt Mogård,Skolminister,1976-10-08,1978-10-18,britt_mogard_skolminister,
Anders Dahlgren,Jordbruksminister,1976-10-08,1978-10-18,anders_dahlgren_jordbruksmin,
Staffan Burenstam Linder,Handelsminister,1976-10-08,1978-10-18,staffan_burenstam_linder_handelsminis,
Per Ahlmark,Arbetsmarknads- och jämställdhetsminister  samt vice statsminister,1976-10-08,1978-03-07,per_ahlmark_arbetsmarkna,
Rolf Wirtén,Arbetsmarknads- jämställdhets- och invandrarminister,1978-03-07,1978-10-18,rolf_wirten_arbetsmarkna,
Per Ahlmark,Invandrarminister,1976-10-08,1977-08-24,per_ahlmark_invandrarmin,
Elvy Olsson,Bostadsminister,1976-10-08,1978-10-18,elvy_olsson_bostadsminis,
Birgit Friggebo,Biträdande bostadsminister,1976-10-08,1978-10-18,birgit_friggebo_bitradande_b,
Nils G Åsling,Industriminister,1976-10-08,1978-10-18,nils_g_asling_industrimini,
Olof Johansson,Energiminister,1976-10-08,1978-10-18,olof_johansson_energiminist,
Johannes Antonsson,Kommun- och kyrkominister samt minister för nordiskt samarbete,1976-10-08,1978-10-18,johannes_antonsson_kommun_och_,
Per-Albin Hansson,Statsminister,1939-12-13,1945-07-31,per_albin_hansson_statsministe,
Karl Gustaf Westman,Justitieminister,1939-12-13,1943-08-30,karl_gustaf_westman_justitiemini,
Thorwald Bergquist,Justitieminister,1943-08-30,1945-07-31,thorwald_bergquist_justitiemini,
Christian Günther,Utrikesminister,1939-12-13,1945-07-31,christian_gunther_utrikesminis,
Per Edvin Sköld,Försvarsminister,1939-12-13,1945-07-31,per_edvin_skold_forsvarsmini,
Gustav Möller,Socialminister,1939-12-13,1945-07-31,gustav_moller_socialminist,
Gustaf Andersson,Kommunikationsminister,1939-12-13,1944-09-30,gustaf_andersson_i_rasjon_kommunikatio, i Rasjön
Fritiof Domö,Kommunikationsminister,1944-09-30,1945-07-31,fritiof_domo_kommunikatio,
Ernst Wigforss,Finansminister,1939-12-13,1945-07-31,ernst_wigforss_finansminist,
Gösta Bagge,Ecklesiastikminister,1939-12-13,1944-12-15,gosta_bagge_ecklesiastik,
Georg Andrén,Ecklesiastikminister,1944-12-15,1945-07-31,georg_andren_ecklesiastik,
Axel Pehrsson-Bramstorp,Jordbruksminister,1939-12-13,1945-07-31,axel_pehrsson_bramstorp_jordbruksmin,
Fritiof Domö,Handelsminister,1939-12-13,1941-03-07,fritiof_domo_handelsminis,
Herman Eriksson,Handelsminister,1941-03-07,1944-09-30,herman_eriksson_handelsminis,
Bertil Ohlin,Handelsminister,1944-09-30,1945-07-31,bertil_ohlin_handelsminis,
Herman Eriksson,Folkhushållningsminister,1939-12-13,1941-03-07,herman_eriksson_folkhushalln,
Axel Gjöres,Folkhushållningsminister,1941-03-07,1945-07-31,axel_gjores_folkhushalln,
Nils Quensel,Juristkonsult,1939-12-13,1940-10-11,nils_quensel_juristkonsul,
Edgar Rosander,Juristkonsult,1940-10-11,1944-09-30,edgar_rosander_juristkonsul,
Gunnar Danielson,Juristkonsult,1944-09-30,1945-07-31,gunnar_danielson_juristkonsul,
Thorwald Bergquist,Juristkonsult,1939-12-13,1943-08-30,thorwald_bergquist_juristkonsul,
Nils Quensel,Juristkonsult,1943-08-30,1945-07-31,nils_quensel_juristkonsul,
Fritiof Domö,Bränsleminister,1941-03-07,1944-09-30,fritiof_domo_bransleminis,
Axel Rubbestad,Bränsleminister,1944-09-30,1945-07-31,axel_rubbestad_bransleminis,
Knut G Ewerlöf,Frågor inom finans- och försvarsdep,1941-03-07,1945-07-31,knut_g_ewerlof_fragor_inom_,
Axel Rubbestad,Civilförsvarsminister,1943-08-30,1944-09-30,axel_rubbestad_civilforsvar,
Tage Erlander,Civilförsvars- och bitr socialminister,1944-09-30,1945-07-31,tage_erlander_civilforsvar,
Thorbjörn Fälldin,Statsminister,1979-10-12,1981-05-22,thorbjorn_falldin_statsministe,
Håkan Winberg,Justitieminister,1979-10-12,1981-05-05,hakan_winberg_justitiemini,
Carl Axel Petri,Justitieminister,1981-05-05,1981-05-22,carl_axel_petri_justitiemini,
Carl Axel Petri,Energi- och straffrättsminister,1979-11-06,1981-05-22,carl_axel_petri_energi_och_,
Ola Ullsten,Utrikes- och biståndsminister,1979-10-12,1981-05-22,ola_ullsten_utrikes_och,
Ola Ullsten,Vice statsminister,1980-08-01,1981-05-22,ola_ullsten_vice_statsmi,
Eric Krönmark,Försvarsminister,1979-10-12,1981-05-05,eric_kronmark_forsvarsmini,
Anders Dahlgren,Försvarsminister,1981-05-05,1981-05-22,anders_dahlgren_forsvarsmini,
Karin Söder,Socialminister,1979-10-12,1981-05-22,karin_soder_socialminist,
Elisabet Holm,Sjukvårdsminister,1979-10-12,1981-05-05,elisabet_holm_sjukvardsmin,
Ulf Adelsohn,Kommunikationsminister,1979-10-12,1981-05-05,ulf_adelsohn_kommunikatio,
Olof Johansson,Kommunikationsminister,1981-05-05,1981-05-22,olof_johansson_kommunikatio,
Gösta Bohman,Ekonomiminister,1979-10-12,1981-05-05,gosta_bohman_ekonomiminis,
Rolf Wirtén,Ekonomiminister,1981-05-05,1981-05-22,rolf_wirten_ekonomiminis,
Ingemar Mundebo,Budgetminister,1979-10-12,1980-07-31,ingemar_mundebo_budgetminist,
Rolf Wirtén,Budgetminister,1980-08-01,1981-05-22,rolf_wirten_budgetminist,
Olof Johansson,Personal- och löneminister,1979-10-12,1981-05-22,olof_johansson_personal_oc,
Jan-Erik Wikström,Utbildningsminister,1979-10-12,1981-05-22,jan_erik_wikstrom_utbildningsm,
Britt Mogård,Skolminister,1979-10-12,1981-05-05,britt_mogard_skolminister,
Anders Dahlgren,Jordbruksminister,1979-10-12,1981-05-22,anders_dahlgren_jordbruksmin,
Staffan Burenstam Linder,Handelsminister och  minister för nordiskt samarbete,1979-10-12,1981-05-05,staffan_burenstam_linder_handelsminis,
Jan-Erik Wikström,Handelsminister och  minister för nordiskt samarbete,1981-05-05,1981-05-22,jan_erik_wikstrom_handelsminis,
Rolf Wirtén,Arbetsmarknadsminister,1979-10-12,1980-07-31,rolf_wirten_arbetsmarkna,
Ingemar Eliasson,Arbetsmarknadsminister,1980-07-31,1981-05-22,ingemar_eliasson_arbetsmarkna,
Karin Andersson,Invandrar- och jämställdhetsminister,1979-10-12,1981-05-22,karin_andersson_invandrar_o,
Birgit Friggebo,Bostadsminister,1979-10-12,1981-05-22,birgit_friggebo_bostadsminis,
Georg Danell,Planminister,1979-10-12,1981-05-05,georg_danell_planminister,
Nils G Åsling,Industriminister,1979-10-12,1981-05-22,nils_g_asling_industrimini,
Karl Boo,Kommun- och kyrkominister,1979-10-12,1981-05-22,karl_boo_kommun_och_,
Arvid Lindman,Statsminister,1928-10-02,1930-06-07,arvid_lindman_statsministe,
Georg Bissmark,Justitieminister,1928-10-02,1930-06-07,georg_bissmark_justitiemini,
Ernst Trygger,Utrikesminister,1928-10-02,1930-06-07,ernst_trygger_utrikesminis,
Harald Malmberg,Försvarsminister,1928-10-02,1930-06-07,harald_malmberg_forsvarsmini,
Sven Lübeck,Socialminister,1928-10-02,1930-06-07,sven_lubeck_socialminist,
Theodor Borell,Kommunikationsminister,1928-10-02,1930-06-07,theodor_borell_kommunikatio,
Nils Wohlin,Finansminister,1928-10-02,1929-06-10,nils_wohlin_finansminist,
Adolf Dahl,Finansminister,1929-06-10,1930-06-07,adolf_dahl_finansminist,
Claes Lindskog,Ecklesiastikminister,1928-10-02,1930-06-07,claes_lindskog_ecklesiastik,
Johan Bernhard Johansson,Jordbruksminister,1928-10-02,1930-06-07,johan_bernhard_johansson_jordbruksmin,
Vilhelm Lundvik,Handelsminister,1928-10-02,1930-06-07,vilhelm_lundvik_handelsminis,
August Beskow,Konsultativt statsråd,1928-10-02,1930-06-07,august_beskow_konsultativt,
Nils Vult von Steyern,Konsultativt statsråd,1928-10-02,1930-06-07,nils_vult_von_steyern_konsultativt,
Ingvar Carlsson,Statsminister,1994-10-07,1996-03-22,ingvar_carlsson_statsministe,
Mona Sahlin,Vice statsminister,1994-10-07,1995-11-16,mona_sahlin_vice_statsmi,
Jan Nygren,Samordningsminister,1994-10-07,1996-03-22,jan_nygren_samordningsm,
Laila Freivalds,Justitieminister,1994-10-07,1996-03-22,laila_freivalds_justitiemini,
Lena Hjelm-Wallén,Utrikesminister,1994-10-07,1996-03-22,lena_hjelm_wallen_utrikesminis,
Pierre Schori,Biståndsminister,1994-10-07,1996-03-22,pierre_schori_bistandsmini,
Mats Hellström,Europa- och utrikeshandelsministersamt minister för nordiskt samarbete,1994-10-07,1996-03-22,mats_hellstrom_europa_och_,
Thage G Peterson,Försvarsminister,1994-10-07,1996-03-22,thage_g_peterson_forsvarsmini,
Ingela Thalén,Socialminister,1994-10-07,1996-03-22,ingela_thalen_socialminist,
Anna Hedborg,Sjukförsäkringsminister,1994-10-07,1996-03-22,anna_hedborg_sjukforsakri,
Göran Persson,Finansminister,1994-10-07,1996-03-22,goran_persson_finansminist,
Carl Tham,Utbildningsminister,1994-10-07,1996-03-22,carl_tham_utbildningsm,
Ylva Johansson,Skolminister,1994-10-07,1996-03-22,ylva_johansson_skolminister,
Margareta Winberg,Jordbruksminister,1994-10-07,1996-03-22,margareta_winberg_jordbruksmin,
Anna Lindh,Miljöminister,1994-10-07,1996-03-22,anna_lindh_miljoministe,
Sten Heckscher,Näringsminister,1994-10-07,1996-02-05,sten_heckscher_naringsminis,
Jörgen Andersson,Näringsminister,1996-02-05,1996-03-22,jorgen_andersson_naringsminis,
Jörgen Andersson,Bostads- och energiminister,1994-10-07,1996-03-22,jorgen_andersson_bostads_och,
Margot Wallström,Kulturminister,1994-10-07,1996-03-22,margot_wallstrom_kulturminist,
Anders Sundström,Arbetsmarknadsminister,1994-10-07,1996-03-22,anders_sundstrom_arbetsmarkna,
Leif Blomberg,Invandrar- och arbetsrättsminister,1994-10-07,1996-03-22,leif_blomberg_invandrar_o,
Ines Uusmann,Kommunikationsminister,1994-10-07,1996-03-22,ines_uusmann_kommunikatio,
Marita Ulvskog,Civil- kyrko- idrotts- jämställdhets- ungdoms- och konsumentminister,1994-10-07,1996-03-22,marita_ulvskog_civil_kyrko,
Carl Bildt,Statsminister,1991-10-04,1994-10-07,carl_bildt_statsministe,
Gun Hellsvik,Justitieminister,1991-10-04,1994-10-07,gun_hellsvik_justitiemini,
Reidunn Laurén,Biträdande justitieminister,1991-10-04,1994-10-07,reidunn_lauren_bitradande_j,
Margaretha af Ugglas,Utrikesminister,1991-10-04,1994-10-07,margaretha_af_ugglas_utrikesminis,
Alf Svensson,Biståndsminister,1991-10-04,1994-10-07,alf_svensson_bistandsmini,
Ulf Dinkelspiel,Europa- och utrikeshandelsminister,1991-10-04,1994-10-07,ulf_dinkelspiel_europa_och_,
Anders Björck,Försvarsminister,1991-10-04,1994-10-02,anders_bjorck_forsvarsmini,
Per Unckel,Försvarsminister,1994-10-03,1994-10-07,per_unckel_forsvarsmini,
Bengt Westerberg,Socialminister och vice statsminister,1991-10-04,1994-10-07,bengt_westerberg_socialminist,
Bengt Westerberg,Jämställdhetsminister,1993-08-24,1994-10-07,bengt_westerberg_jamstalldhet,
Bo Könberg,Sjukvårds- och socialförsäkringsminister,1991-10-04,1994-10-07,bo_konberg_sjukvards_o,
Mats Odell,Kommunikationsminister,1991-10-04,1994-10-07,mats_odell_kommunikatio,
Anne Wibble,Finansminister,1991-10-04,1994-10-07,anne_wibble_finansminist,
Bo Lundgren,Skatte- och idrottsminister,1991-10-04,1994-10-07,bo_lundgren_skatte_och_,
Per Unckel,Utbildningsminister,1991-10-04,1994-10-07,per_unckel_utbildningsm,
Beatrice Ask,Skolminister,1991-10-04,1994-10-07,beatrice_ask_skolminister,
Karl Erik Olsson,Jordbruksminister,1991-10-04,1994-10-07,karl_erik_olsson_jordbruksmin,
Börje Hörnlund,Arbetsmarknadsminister,1991-10-04,1994-10-07,borje_hornlund_arbetsmarkna,
Börje Hörnlund,Minister för nordiskt samarbete,1994-06-16,1994-10-07,borje_hornlund_minister_for,
Per Westerberg,Industri- och energiminister,1991-10-04,1991-10-21,per_westerberg_industri_oc,
Per Westerberg,Närings- och energiminister,1991-10-21,1994-10-07,per_westerberg_narings_och,
Inger Davidson,Civil- konsument- kyrko- och ungdomsminister,1991-10-04,1994-10-07,inger_davidson_civil_konsu,
Olof Johansson,Miljöminister,1991-10-04,1994-06-16,olof_johansson_miljoministe,
Görel Thurdin,Miljöminister,1994-06-16,1994-10-03,gorel_thurdin_miljoministe,
Karl Erik Olsson,Miljöminister,1994-10-03,1994-10-07,karl_erik_olsson_miljoministe,
Görel Thurdin,Planminister,1991-10-04,1994-06-16,gorel_thurdin_planminister,
Olof Johansson,Minister för nordiskt samarbete,1991-10-04,1994-06-16,olof_johansson_minister_for,
Birgit Friggebo,Bostadsminister,1991-10-04,1991-11-30,birgit_friggebo_bostadsminis,
Birgit Friggebo,Kultur- och invandrarminister,1991-12-01,1994-10-07,birgit_friggebo_kultur_och_,
Birgit Friggebo,Jämställdhetsminister,1991-12-01,1993-08-24,birgit_friggebo_jamstalldhet,
Hjalmar Branting,Statsminister,1921-10-13,1923-04-19,hjalmar_branting_statsministe,
Assar Åkerman,Justitieminister,1921-10-13,1923-04-19,assar_akerman_justitiemini,
Hjalmar Branting,Utrikesminister,1921-10-13,1923-04-19,hjalmar_branting_utrikesminis,
Per Albin Hansson,Försvarsminister,1921-10-13,1923-04-19,per_albin_hansson_forsvarsmini,
Herman Lindqvist,Socialminister,1921-10-13,1923-04-19,herman_lindqvist_socialminist,
Anders Örne,Kommunikationsminister,1921-10-13,1923-04-19,anders_orne_kommunikatio,
Fredrik Vilhelm Thorsson,Finansminister,1921-10-13,1923-04-19,fredrik_vilhelm_thorsson_finansminist,
Olof Olsson,Ecklesiastikminister,1921-10-13,1923-04-19,olof_olsson_ecklesiastik,
Sven Linders,Jordbruksminister,1921-10-13,1923-04-19,sven_linders_jordbruksmin,
Carl Svensson,Handelsminister,1921-10-13,1923-04-19,carl_svensson_handelsminis,
Rickard Sandler,Konsultativt statsråd,1921-10-13,1923-04-19,rickard_sandler_konsultativt,
Torsten Nothin,Konsultativt statsråd,1921-10-13,1923-04-19,torsten_nothin_konsultativt,
Karl Schlyter,Konsultativt statsråd,1921-10-13,1923-04-19,karl_schlyter_konsultativt,
Louis De Geer,Statsminister,1920-10-27,1921-02-23,louis_de_geer_statsministe,
Birger Ekeberg,Justitieminister,1920-10-27,1921-02-23,birger_ekeberg_justitiemini,
Herman Wrangel,Utrikesminister,1920-10-27,1921-02-23,herman_wrangel_utrikesminis,
Carl-Gustaf Hammarskjöld,Försvarsminister,1920-10-27,1921-02-23,carl_gustaf_hammarskjold_forsvarsmini,
Henning Elmquist,Socialminister,1920-10-27,1921-02-23,henning_elmquist_socialminist,
Walter Murray,Kommunikationsminister,1920-10-27,1921-02-23,walter_murray_kommunikatio,
Henric Tamm,Finansminister,1920-10-27,1921-02-23,henric_tamm_finansminist,
Bengt Bergqvist,Ecklesiastikminister,1920-10-27,1921-02-23,bengt_bergqvist_ecklesiastik,
Nils Hansson,Jordbruksminister,1920-10-27,1921-02-23,nils_hansson_jordbruksmin,
Gösta Malm,Handelsminister,1920-10-27,1921-02-23,gosta_malm_handelsminis,
Knut Dahlberg,Konsultativt statsråd,1920-10-27,1921-02-23,knut_dahlberg_konsultativt,
Emil Mårten Ericsson,Konsultativt statsråd,1920-10-27,1921-02-23,emil_marten_ericsson_konsultativt,
Ingvar Carlsson,Statsminister,1986-03-12,1990-02-27,ingvar_carlsson_statsministe,
Sten Wickbom,Justitieminister,1986-03-12,1987-10-19,sten_wickbom_justitiemini,
Anna-Greta Leijon,Justitieminister,1987-10-19,1988-06-07,anna_greta_leijon_justitiemini,
Thage G Peterson,Justitieminister,1988-06-07,1988-09-30,thage_g_peterson_justitiemini,
Ingvar Carlsson,Justitieminister,1988-09-30,1988-10-04,ingvar_carlsson_justitiemini,
Laila Freivalds,Justitieminister,1988-10-04,1990-02-27,laila_freivalds_justitiemini,
Sten Andersson,Utrikesminister,1986-03-12,1990-02-27,sten_andersson_utrikesminis,
Lena Hjelm-Wallén,Biståndsminister,1986-03-12,1990-02-27,lena_hjelm_wallen_bistandsmini,
Mats Hellström,Utrikeshandelsminister,1986-03-12,1986-10-10,mats_hellstrom_utrikeshande,
Anita Gradin,Utrikeshandelsminister,1986-10-10,1990-02-27,anita_gradin_utrikeshande,
Roine Carlsson,Försvarsminister,1986-03-12,1990-02-27,roine_carlsson_forsvarsmini,
Gertrud Sigurdsen,Socialminister,1986-03-12,1989-01-29,gertrud_sigurdsen_socialminist,
Sven Hulterström,Socialminister,1989-01-29,1990-01-11,sven_hulterstrom_socialminist,
Ingela Thalén,Socialminister,1990-01-11,1990-02-27,ingela_thalen_socialminist,
Bengt Lindqvist,Familje- och handikappminister,1986-03-12,1990-02-27,bengt_lindqvist_familje_och,
Kjell-Olof Feldt,Finansminister,1986-03-12,1990-02-16,kjell_olof_feldt_finansminist,
Odd Engström,Finansminister,1990-02-16,1990-02-27,odd_engstrom_finansminist,
Bengt KÅ Johansson,Löne- och konsumentminister,1986-03-12,1988-10-04,bengt_ka_johansson_lone_och_ko,
Odd Engström,Budgetminister,1988-10-04,1990-02-16,odd_engstrom_budgetminist,
Lennart Bodström,Utbildningsminister,1986-03-12,1989-01-29,lennart_bodstrom_utbildningsm,
Bengt Göransson,Utbildningsminister,1989-01-29,1990-02-27,bengt_goransson_utbildningsm,
Bengt Göransson,Skolmininster,1986-03-12,1989-01-29,bengt_goransson_skolmininste,
Göran Persson,Skolmininster,1989-01-29,1990-02-27,goran_persson_skolmininste,
Bengt Göransson,Kulturminister,1986-03-12,1990-02-27,bengt_goransson_kulturminist,
Svante Lundkvist,Jordbruksminister,1986-03-12,1986-10-10,svante_lundkvist_jordbruksmin,
Mats Hellström,Jordbruksminister,1986-10-10,1990-02-27,mats_hellstrom_jordbruksmin,
Ulf Lönnqvist,Idrotts- turism- och ungdomsminister,1986-10-10,1988-10-04,ulf_lonnqvist_idrotts_tur,
Svante Lundkvist,Minister för nordiskt samarbete,1986-03-12,1986-10-10,svante_lundkvist_minister_for,
Ulf Lönnqvist,Minister för nordiskt samarbete,1986-10-10,1988-10-04,ulf_lonnqvist_minister_for,
Mats Hellström,Minister för nordiskt samarbete,1988-10-04,1990-02-27,mats_hellstrom_minister_for,
Birgitta Dahl,Miljö- och energiminister,1986-03-13,1990-02-27,birgitta_dahl_miljo_och_e,
Thage G Peterson,Industriminister,1986-03-12,1988-09-30,thage_g_peterson_industrimini,
Ingvar Carlsson,Industriminister,1988-09-30,1988-10-04,ingvar_carlsson_industrimini,
Ivar Nordberg,Industriminister,1988-10-04,1990-01-11,ivar_nordberg_industrimini,
Rune Molin,Industriminister,1990-01-11,1990-02-27,rune_molin_industrimini,
Hans Gustafsson,Bostadsminister,1986-03-12,1988-10-04,hans_gustafsson_bostadsminis,
Ulf Lönnqvist,Bostads- och idrottsminister,1988-10-04,1990-02-27,ulf_lonnqvist_bostads_och,
Anna-Greta Leijon,Arbetsmarknadsminister,1986-03-12,1987-10-19,anna_greta_leijon_arbetsmarkna,
Ingela Thalén,Arbetsmarknadsminister,1987-10-19,1990-01-11,ingela_thalen_arbetsmarkna,
Mona Sahlin,Arbetsmarknadsminister,1990-01-11,1990-02-27,mona_sahlin_arbetsmarkna,
Anita Gradin,Jämställdhetsminister,1986-03-12,1986-10-10,anita_gradin_jamstalldhet,
Anna-Greta Leijon,Jämställdhetsminister,1986-10-10,1987-10-19,anna_greta_leijon_jamstalldhet,
Ingela Thalén,Jämställdhetsminister,1987-10-19,1989-01-29,ingela_thalen_jamstalldhet,
Maj-Lis Lööw,Jämställdhetsminister,1989-01-29,1990-02-27,maj_lis_loow_jamstalldhet,
Anita Gradin,Invandrarminister,1986-03-12,1986-10-10,anita_gradin_invandrarmin,
Georg Andersson,Invandrarminister,1986-10-10,1989-01-29,georg_andersson_invandrarmin,
Maj-Lis Lööw,Invandrarminister,1989-01-29,1990-02-27,maj_lis_loow_invandrarmin,
Sven Hulterström,Kommunikationsminister,1986-03-12,1989-01-29,sven_hulterstrom_kommunikatio,
Georg Andersson,Kommunikationsminister,1989-01-29,1990-02-27,georg_andersson_kommunikatio,
Bo Holmberg,Civilminister,1986-03-12,1988-10-04,bo_holmberg_civilministe,
Bengt KÅ Johansson,Civilminister,1988-10-04,1990-02-27,bengt_ka_johansson_civilministe,
Bo Holmberg,Kyrkominister,1986-03-12,1988-10-04,bo_holmberg_kyrkoministe,
Margot Wallström,Kyrkominister,1988-10-04,1990-02-27,margot_wallstrom_kyrkoministe,
Margot Wallström,Konsument- och ungdomsminister,1988-10-04,1990-02-27,margot_wallstrom_konsument_o,
Tage Erlander,Statsminister,1957-10-31,1969-10-14,tage_erlander_statsministe,
Ingvar Lindell,Justitieminister,1957-10-31,1959-12-01,ingvar_lindell_justitiemini,
Herman Kling,Justitieminister,1959-12-01,1969-10-14,herman_kling_justitiemini,
Östen Undén,Utrikesminister,1957-10-31,1962-09-20,osten_unden_utrikesminis,
Torsten Nilsson,Utrikesminister,1962-09-20,1969-10-14,torsten_nilsson_utrikesminis,
Sven Andersson,Försvarsminister,1957-10-31,1969-10-14,sven_andersson_forsvarsmini,
Torsten Nilsson,Socialminister,1957-10-31,1962-09-20,torsten_nilsson_socialminist,
Sven Aspling,Socialminister,1962-09-20,1969-10-14,sven_aspling_socialminist,
Gösta Skoglund,Kommunikationsminister,1957-10-31,1965-11-25,gosta_skoglund_kommunikatio,
Olof Palme,Kommunikationsminister,1965-11-25,1967-09-29,olof_palme_kommunikatio,
Svante Lundkvist,Kommunikationsminister,1967-09-29,1969-07-01,svante_lundkvist_kommunikatio,
Bengt Norling,Kommunikationsminister,1969-07-01,1969-10-14,bengt_norling_kommunikatio,
Gunnar Sträng,Finansminister,1957-10-31,1969-10-14,gunnar_strang_finansminist,
Ragnar Edenman,Ecklesiastikminister,1957-10-31,1967-09-29,ragnar_edenman_ecklesiastik,
Olof Palme,Utbildningsminister,1967-09-29,1969-10-14,olof_palme_utbildningsm,
Gösta Netzén,Jordbruksminister,1957-10-31,1961-11-25,gosta_netzen_jordbruksmin,
Eric Holmqvist,Jordbruksminister,1961-11-25,1969-01-25,eric_holmqvist_jordbruksmin,
Ingemund Bengtsson,Jordbruksminister,1969-01-25,1969-10-14,ingemund_bengtsson_jordbruksmin,
Gunnar Lange,Handelsminister,1957-10-31,1969-10-14,gunnar_lange_handelsminis,
Rune B Johansson,Inrikesminister,1957-10-31,1969-01-25,rune_b_johansson_inrikesminis,
Eric Holmqvist,Inrikesminister,1969-01-25,1969-10-14,eric_holmqvist_inrikesminis,
Sigurd Lindholm,Civilminister,1957-10-31,1965-09-16,sigurd_lindholm_civilministe,
Hans Gustafsson,Civilminister,1965-09-16,1969-07-01,hans_gustafsson_civilministe,
Svante Lundkvist,Civilminister,1969-07-01,1969-10-14,svante_lundkvist_civilministe,
Krister Wickman,Industriminister,1969-01-01,1969-10-14,krister_wickman_industrimini,
Herman Kling,Juristkonsult,1957-10-31,1959-12-01,herman_kling_juristkonsul,
Carl Henrik Nordlander,Juristkonsult,1959-12-01,1960-10-25,carl_henrik_nordlander_juristkonsul,
Rune Hermansson,Juristkonsult,1960-10-25,1966-12-09,rune_hermansson_juristkonsul,
Lennart Geijer,Juristkonsult,1966-12-09,1969-10-14,lennart_geijer_juristkonsul,
Björn Kjellin,Juristkonsult,1957-10-31,1958-08-29,bjorn_kjellin_juristkonsul,
Sven af Geijerstam,Juristkonsult och kyrko- och ungdomsminister,1958-08-29,1963-04-19,sven_af_geijerstam_juristkonsul,
Olof Palme,Ungdomsminister,1963-04-19,1965-11-25,olof_palme_ungdomsminis,
Sven-Eric Nilsson,Juristkonsult,1964-04-29,1969-10-14,sven_eric_nilsson_juristkonsul,
Ulla Lindström,Konsument- och biståndsminister,1957-10-31,1966-12-28,ulla_lindstrom_konsument_o,
Svante Lundkvist,Kommun- och landstingsminister,1965-11-25,1967-09-29,svante_lundkvist_kommun_och_,
Alva Myrdal,Nedrustningsminister,1966-12-28,1969-10-14,alva_myrdal_nedrustnings,
Camilla Odhnoff,Familje- och invandrarminister,1967-01-09,1969-10-14,camilla_odhnoff_familje_och,
Krister Wickman,Bitr finansminister,1967-02-28,1968-12-31,krister_wickman_bitr_finansm,
Sven Moberg,Undervisningsminister,1967-09-29,1969-10-14,sven_moberg_undervisning,
Bertil Löfberg,Löneminister,1969-01-25,1969-10-14,bertil_lofberg_loneminister,
Rickard Sandler,Statsminister,1925-01-24,1926-06-07,rickard_sandler_statsministe,
Östen Undén,Utrikesminister,1925-01-24,1926-06-07,osten_unden_utrikesminis,
Torsten Nothin,Justitieminister,1925-01-24,1926-06-07,torsten_nothin_justitiemini,
Per Albin Hansson,Försvarsminister,1925-01-24,1926-06-07,per_albin_hansson_forsvarsmini,
Gustav Möller,Socialminister,1925-01-24,1926-06-07,gustav_moller_socialminist,
Viktor Larsson,Kommunikationsminister,1925-01-24,1926-06-07,viktor_larsson_kommunikatio,
Fredrik Vilhelm Thorsson,Finansminister,1925-01-24,1925-05-05,fredrik_vilhelm_thorsson_finansminist,
Ernst Wigforss,Finansminister,1925-05-08,1926-06-07,ernst_wigforss_finansminist,
Olof Olsson,Ecklesiastikminister,1925-01-24,1926-06-07,olof_olsson_ecklesiastik,
Sven Linders,Jordbruksminister,1925-01-24,1926-06-07,sven_linders_jordbruksmin,
Rickard Sandler,Handelsminister,1925-01-24,1925-02-27,rickard_sandler_handelsminis,
Carl Svensson,Handelsminister,1925-02-27,1926-06-07,carl_svensson_handelsminis,
Karl Levinson,Konsultativt statsråd,1925-01-24,1926-06-07,karl_levinson_konsultativt,
Ernst Wigforss,Konsultativt statsråd,1925-01-24,1925-05-08,ernst_wigforss_konsultativt,
Karl Schlyter,Konsultativt statsråd,1925-05-08,1926-06-07,karl_schlyter_konsultativt,
Ingvar Carlsson,Statsminister,1990-02-27,1991-10-04,ingvar_carlsson_statsministe,
Odd Engström,Vice statsminister,1990-02-27,1991-10-04,odd_engstrom_vice_statsmi,
Laila Freivalds,Justitieminister,1990-02-27,1991-10-04,laila_freivalds_justitiemini,
Sten Andersson,Utrikesminister,1990-02-27,1991-10-04,sten_andersson_utrikesminis,
Lena Hjelm-Wallén,Biståndsminister,1990-02-27,1991-10-04,lena_hjelm_wallen_bistandsmini,
Anita Gradin,Utrikeshandelsminister,1990-02-27,1991-10-04,anita_gradin_utrikeshande,
Roine Carlsson,Försvarsminister,1990-02-27,1991-10-04,roine_carlsson_forsvarsmini,
Ingela Thalén,Socialminister,1990-02-27,1991-10-04,ingela_thalen_socialminist,
Bengt Lindqvist,Familje- och handikappminister,1990-02-27,1991-10-04,bengt_lindqvist_familje_och,
Allan Larsson,Finansminister,1990-02-27,1991-10-04,allan_larsson_finansminist,
Erik Åsbrink,Budgetminister,1990-02-27,1991-10-04,erik_asbrink_budgetminist,
Bengt Göransson,Kultur- och utbildningsminister,1990-02-27,1991-10-04,bengt_goransson_kultur_och_,
Göran Persson,Skolminister,1990-02-27,1991-10-04,goran_persson_skolminister,
Mats Hellström,Jordbruksminister och minister för nordiskt samarbete,1990-02-27,1991-10-04,mats_hellstrom_jordbruksmin,
Birgitta Dahl,Miljöminister,1990-02-27,1991-10-04,birgitta_dahl_miljoministe,
Rune Molin,Industriminister,1990-10-27,1991-10-04,rune_molin_industrimini,
Rune Molin,Energiminister,1990-02-27,1991-10-04,rune_molin_energiminist,
Ulf Lönnqvist,Bostads- och idrottsminister,1990-02-27,1991-10-04,ulf_lonnqvist_bostads_och,
Mona Sahlin,Arbetsmarknadsminister,1990-02-27,1991-10-04,mona_sahlin_arbetsmarkna,
Maj-Lis Lööw,Invandrar- och jämställdhetsminister,1990-02-27,1991-10-04,maj_lis_loow_invandrar_o,
Georg Andersson,Kommunikationsminister,1990-02-27,1991-10-04,georg_andersson_kommunikatio,
Bengt K Å Johansson,Civilminister,1990-02-27,1991-10-04,bengt_k_a_johansson_civilministe,
Margot Wallström,Konsument- kyrko- och ungdomsminister,1990-02-27,1991-10-04,margot_wallstrom_konsument_k,
Per Albin Hansson,Statsminister,1932-09-24,1936-06-19,per_albin_hansson_statsministe,
Ernst Wigforss,Finansminister,1932-09-24,1936-06-19,ernst_wigforss_finansminist,
Rickard Sandler,Utrikesminister,1932-09-24,1936-06-19,rickard_sandler_utrikesminis,
Karl Schlyter,Justitieminister,1932-09-24,1936-06-19,karl_schlyter_justitiemini,
Ivar Vennerström,Försvarsminister,1932-09-24,1936-06-19,ivar_vennerstrom_forsvarsmini,
Gustav Möller,Socialminister,1932-09-24,1936-06-19,gustav_moller_socialminist,
Henning Leo,Kommunikationsminister,1932-09-24,1936-06-19,henning_leo_kommunikatio,
Arthur Engberg,Ecklesiastikminister,1932-09-24,1936-06-19,arthur_engberg_ecklesiastik,
Per Edvin Sköld,Jordbruksminister,1932-09-24,1936-06-19,per_edvin_skold_jordbruksmin,
Fritjof Ekman,Handelsminister,1932-09-24,1936-06-19,fritjof_ekman_handelsminis,
Östen Undén,Konsultativt statsråd,1932-09-24,1936-06-19,osten_unden_konsultativt,
Torsten Nothin,Konsultativt statsråd,1932-09-24,1933-09-16,torsten_nothin_konsultativt,
Karl Levinson,Konsultativt statsråd,1933-09-16,1936-06-19,karl_levinson_konsultativt,
Hjalmar Branting,Statsminister,1920-03-10,1920-10-27,hjalmar_branting_statsministe,
Östen Undén,Justitieminister,1920-03-10,1920-06-30,osten_unden_justitiemini,
Assar Åkerman,Justitieminister,1920-06-30,1920-10-27,assar_akerman_justitiemini,
Erik Palmstierna,Utrikesminister,1920-03-10,1920-10-27,erik_palmstierna_utrikesminis,
Per Albin Hansson,Krigsminister,1920-03-10,1920-07-01,per_albin_hansson_krigsministe,
Bernhard Eriksson,Sjöminister,1920-03-10,1920-07-01,bernhard_eriksson_sjominister,
Per Albin Hansson,Försvarsminister,1920-07-01,1920-10-27,per_albin_hansson_forsvarsmini,
Bernhard Eriksson,Socialminister,1920-07-01,1920-10-27,bernhard_eriksson_socialminist,
Carl Svensson,Kommunikationsminister,1920-07-01,1920-10-27,carl_svensson_kommunikatio,
Fredrik Vilhelm Thorsson,Finansminister,1918-01-05,1920-06-30,fredrik_vilhelm_thorsson_finansminist,
Rickard Sandler,Finansminister,1920-06-30,1920-10-27,rickard_sandler_finansminist,
Olof Olsson,Ecklesiastikminister,1919-11-28,1920-10-27,olof_olsson_ecklesiastik,
Olof Nilsson,Jordbruksminister,1920-03-10,1920-10-27,olof_nilsson_jordbruksmin,
Fredrik Vilhelm Thorsson,Handelsminister,1920-06-30,1920-10-27,fredrik_vilhelm_thorsson_handelsminis,
Carl Svensson,Civilminister,1920-03-10,1920-07-01,carl_svensson_civilministe,
Rickard Sandler,Konsultativa statsråd,1920-03-10,1920-06-30,rickard_sandler_konsultativa,
William Linder,Konsultativa statsråd,1920-06-30,1920-10-27,william_linder_konsultativa,
Torsten Nothin,Konsultativa statsråd,1920-03-10,1920-10-27,torsten_nothin_konsultativa,
Ernst Trygger,Statsminister,1923-04-19,1924-10-18,ernst_trygger_statsministe,
Birger Ekeberg,Justitieminister,1923-04-19,1924-10-18,birger_ekeberg_justitiemini,
Carl Hederstierna,Utrikesminister,1923-04-19,1923-11-11,carl_hederstierna_utrikesminis,
Erik Marks von Würtemberg,Utrikesminister,1923-11-11,1924-10-18,erik_marks_von_wurtemberg_utrikesminis,
Carl Malmroth,Försvarsminister,1923-04-19,1924-10-18,carl_malmroth_forsvarsmini,
Gösta Malm,Socialminister,1923-04-19,1924-10-18,gosta_malm_socialminist,
Sven Lübeck,Kommunikationsminister,1923-04-19,1924-10-18,sven_lubeck_kommunikatio,
Jacob Beskow,Finansminister,1923-04-19,1924-10-18,jacob_beskow_finansminist,
Sam Clason,Ecklesiastikminister,1923-04-19,1924-10-18,sam_clason_ecklesiastik,
David Pettersson,Jordbruksminister,1923-04-19,1924-10-18,david_pettersson_jordbruksmin,
Nils Wohlin,Handelsminister,1923-04-19,1924-10-18,nils_wohlin_handelsminis,
Bror Hasselrot,Konsultativt statsråd,1923-04-19,1924-10-18,bror_hasselrot_konsultativt,
Erik Stridsberg,Konsultativt statsråd,1923-04-19,1924-10-18,erik_stridsberg_konsultativt,
Tage Erlander,Statsminister,1951-10-01,1957-10-31,tage_erlander_statsministe,
Östen Undén,Utrikesminister,1951-10-01,1957-10-31,osten_unden_utrikesminis,
Herman Zetterberg,Justitieminister,1951-10-01,1957-09-20,herman_zetterberg_justitiemini,
Ingvar Lindell,Justitieminister,1957-09-20,1957-10-31,ingvar_lindell_justitiemini,
Per Edvin Sköld,Finansminister,1951-10-01,1955-09-12,per_edvin_skold_finansminist,
Gunnar Sträng,Finansminister,1955-09-12,1957-10-31,gunnar_strang_finansminist,
Torsten Nilsson,Försvarsminister,1951-10-01,1957-03-22,torsten_nilsson_forsvarsmini,
Sven Andersson,Försvarsminister,1957-03-22,1957-10-31,sven_andersson_forsvarsmini,
Gunnar Sträng,Socialminister,1951-10-01,1955-09-12,gunnar_strang_socialminist,
John Ericsson,Socialminister,1955-09-12,1957-03-22,john_ericsson_i_kinna_socialminist, i Kinna
Torsten Nilsson,Socialminister,1957-03-22,1957-10-31,torsten_nilsson_socialminist,
Sven Andersson,Kommunikationsminister,1951-10-01,1957-03-22,sven_andersson_kommunikatio,
Sture Henriksson,Kommunikationsminister,1957-03-22,1957-04-22,sture_henriksson_kommunikatio,
Gösta Skoglund,Kommunikationsminister,1957-04-26,1957-10-31,gosta_skoglund_kommunikatio,
Ivar Persson,Ecklesiastikminister,1951-10-01,1957-10-31,ivar_persson_i_skabersjo_ecklesiastik, i Skabersjö
Sam Norup,Jordbruksminister,1951-10-01,1957-02-01,sam_norup_jordbruksmin,
Bernhard Näsgård,Jordbruksminister,1957-02-01,1957-07-08,bernhard_nasgard_jordbruksmin,
Nils G Hansson,Jordbruksminister,1957-07-29,1957-10-31,nils_g_hansson_jordbruksmin,
John Ericsson,Handelsminister,1951-10-01,1955-09-12,john_ericsson_i_kinna_handelsminis, i Kinna
Gunnar Lange,Handelsminister,1955-09-12,1957-10-31,gunnar_lange_handelsminis,
Gunnar Hedlund,Inrikesminister,1951-10-01,1957-10-31,gunnar_hedlund_inrikesminis,
John Lingman,Civilminister,1951-10-01,1954-11-29,john_lingman_civilministe,
Gunnar Lange,Civilminister,1954-11-29,1955-09-12,gunnar_lange_civilministe,
Sigurd Lindholm,Civilminister,1955-09-12,1957-10-31,sigurd_lindholm_civilministe,
Nils Quensel,Juristkonsult,1951-10-01,1951-10-31,nils_quensel_juristkonsul,
Ingvar Lindell,Juristkonsult,1951-11-01,1957-09-20,ingvar_lindell_juristkonsul,
Ragnar Edenman,Juristkonsult,1957-10-01,1957-10-31,ragnar_edenman_juristkonsul,
Gunnar Danielson,Juristkonsult,1951-10-01,1952-03-31,gunnar_danielson_juristkonsul,
Allan Nordenstam,Juristkonsult,1952-04-01,1957-02-01,allan_nordenstam_juristkonsul,
Herman Kling,Juristkonsult,1957-02-01,1957-10-31,herman_kling_juristkonsul,
Dag Hammarskjöld,Utrikeshandelsminister,1951-10-01,1953-04-08,dag_hammarskjold_utrikeshande,
Ulla Lindström,Konsument- och biståndsminister,1954-06-04,1957-10-31,ulla_lindstrom_konsument_o,
Hjalmar Nilson,Vägminister,1951-10-01,1957-02-01,hjalmar_nilson_vagminister,
Lars Eliasson,Vägminister,1957-02-01,1957-10-31,lars_eliasson_vagminister,
Hjalmar Branting,Statsminister,1924-10-14,1925-01-24,hjalmar_branting_statsministe,
Östen Undén,Utrikesminister,1924-10-14,1925-01-24,osten_unden_utrikesminis,
Torsten Nothin,Justitieminister,1924-10-14,1925-01-24,torsten_nothin_justitiemini,
Per Albin Hansson,Försvarsminister,1924-10-14,1925-01-24,per_albin_hansson_forsvarsmini,
Gustav Möller,Socialminister,1924-10-14,1925-01-24,gustav_moller_socialminist,
Viktor Larsson,Kommunikationsminister,1924-10-14,1925-01-24,viktor_larsson_kommunikatio,
Fredrik Vilhelm Thorsson,Finansminister,1924-10-14,1925-01-24,fredrik_vilhelm_thorsson_finansminist,
Olof Olsson,Ecklesiastikminister,1924-10-14,1925-01-24,olof_olsson_ecklesiastik,
Sven Linders,Jordbruksminister,1924-10-14,1925-01-24,sven_linders_jordbruksmin,
Rickard Sandler,Handelsminister,1924-10-14,1925-01-24,rickard_sandler_handelsminis,
Ernst Wigforss,Konsultativt statsråd,1924-10-14,1925-01-24,ernst_wigforss_konsultativt,
Karl Levinson,Konsultativt statsråd,1924-10-14,1925-01-24,karl_levinson_konsultativt,
Nils Edén,Statsminister,1917-10-19,1920-03-10,nils_eden_statsministe,
Eliel Löfgren,Justitieminister,1917-10-19,1920-03-10,eliel_lofgren_justitiemini,
Johannes Hellner,Utrikesminister,1917-10-19,1920-03-10,johannes_hellner_utrikesminis,
Erik Nilson,Krigsminister,1917-10-19,1920-03-10,erik_nilson_krigsministe,
Erik Palmstierna,Sjöminister,1917-10-19,1920-03-10,erik_palmstierna_sjominister,
Hjalmar Branting,Finansminister,1917-10-19,1918-01-05,hjalmar_branting_finansminist,
Fredrik Vilhelm Thorsson,Finansminister,1918-01-05,1920-06-30,fredrik_vilhelm_thorsson_finansminist,
Värner Rydén,Ecklesiastikminister,1917-10-19,1919-11-28,varner_ryden_ecklesiastik,
Olof Olsson,Ecklesiastikminister,1919-11-28,1920-10-27,olof_olsson_ecklesiastik,
Alfred Petersson,Jordbruksminister,1917-10-19,1920-03-10,alfred_petersson_jordbruksmin,
Axel Schotte,Civilminister,1917-10-19,1919-11-28,axel_schotte_civilministe,
Fredrik Holmquist,Civilminister,1919-11-28,1920-03-10,fredrik_holmquist_civilministe,
Bror Petrén,Konsultativa statsråd,1917-10-19,1920-03-10,bror_petren_konsultativa,
Östen Undén,Konsultativa statsråd,1917-10-19,1920-03-10,osten_unden_konsultativa,
Olof Palme,Statsminister,1982-01-01,1986-01-01,olof_palme_statsministe,
Ingvar Carlsson,Vice statsminister,1982-01-01,1986-01-01,ingvar_carlsson_vice_statsmi,
Ingvar Carlsson,Miljöminister,1985-01-01,1986-01-01,ingvar_carlsson_miljoministe,
Ove Rainer,Justitieminister,1982-01-01,1983-01-01,ove_rainer_justitiemini,
Sten Wickbom,Justitieminister,1983-01-01,1986-01-01,sten_wickbom_justitiemini,
Lennart Bodström,Utrikesminister,1982-01-01,1985-01-01,lennart_bodstrom_utrikesminis,
Sten Andersson,Utrikesminister,1985-01-01,1986-01-01,sten_andersson_utrikesminis,
Lennart Bodström,Biståndsminister,1982-01-01,1985-01-01,lennart_bodstrom_bistandsmini,
Lena Hjelm-Wallén,Biståndsminister,1985-01-01,1986-01-01,lena_hjelm_wallen_bistandsmini,
Mats Hellström,Utrikeshandelsminister,1983-01-01,1986-01-01,mats_hellstrom_utrikeshande,
Börje Andersson,Försvarsminister,1982-01-01,1982-01-01,borje_andersson_forsvarsmini,
Curt Boström,Försvarsminister,1982-01-01,1983-01-01,curt_bostrom_forsvarsmini,
Anders Thunborg,Försvarsminister,1983-01-01,1985-01-01,anders_thunborg_forsvarsmini,
Roine Carlsson,Försvarsminister,1985-01-01,1986-01-01,roine_carlsson_forsvarsmini,
Sten Andersson,Socialminister,1982-01-01,1985-01-01,sten_andersson_socialminist,
Gertrud Sigurdsen,Socialminister,1985-01-01,1986-01-01,gertrud_sigurdsen_socialminist,
Gertrud Sigurdsen,Hälsovårdsminister,1982-01-01,1985-01-01,gertrud_sigurdsen_halsovardsmi,
Bengt Lindqvist,Familje- och handikappminister,1985-01-01,1986-01-01,bengt_lindqvist_familje_och,
Kjell-Olof Feldt,Ekonomi- och budgetminister,1982-01-01,1982-01-01,kjell_olof_feldt_ekonomi_och,
Kjell-Olof Feldt,Finansminister,1983-01-01,1986-01-01,kjell_olof_feldt_finansminist,
Bengt KÅ Johansson,Löne- och konsumentminister,1985-01-01,1986-01-01,bengt_ka_johansson_lone_och_ko,
Lena Hjelm-Wallén,Utbildningsminister,1982-01-01,1985-01-01,lena_hjelm_wallen_utbildningsm,
Lennart Bodström,Utbildningsminister,1985-01-01,1986-01-01,lennart_bodstrom_utbildningsm,
Bengt Göransson,Skol- och kulturminister,1982-01-01,1986-01-01,bengt_goransson_skol_och_ku,
Svante Lundkvist,Jordbruksminister och  minister för nordiskt samarbete,1982-01-01,1986-01-01,svante_lundkvist_jordbruksmin,
Thage G Peterson,Industriminister,1982-01-01,1986-01-01,thage_g_peterson_industrimini,
Roine Carlsson,Biträdande industriminister,1982-01-01,1985-01-01,roine_carlsson_bitradande_i,
Birgitta Dahl,Energiminister,1982-01-01,1986-01-01,birgitta_dahl_energiminist,
Hans Gustafsson,Bostadsminister,1982-01-01,1986-01-01,hans_gustafsson_bostadsminis,
Anna-Greta Leijon,Arbetsmarknadsminister,1982-01-01,1986-01-01,anna_greta_leijon_arbetsmarkna,
Anita Gradin,Invandrar- och jämställdhetsminister,1982-01-01,1986-01-01,anita_gradin_invandrar_o,
Curt Boström,Kommunikationsminister,1982-01-01,1985-01-01,curt_bostrom_kommunikatio,
Sven Hulterström,Kommunikationsminister,1985-01-01,1986-01-01,sven_hulterstrom_kommunikatio,
Bo Holmberg,Kommun- och kyrkominister,1982-01-01,1982-01-01,bo_holmberg_kommun_och_,
Bo Holmberg,Civil- och kyrkominister,1983-01-01,1986-01-01,bo_holmberg_civil_och_k,
Lennart Bodström,Handelsminister,1982-01-01,1982-01-01,lennart_bodstrom_handelsminis,
Felix Hamrin,Statsminister,1932-08-06,1932-09-24,felix_hamrin_statsministe,
Fredrik Ramel,Utrikesminister,1932-08-06,1932-09-24,fredrik_ramel_utrikesminis,
Natanael Gärde,Justitieminister,1932-08-06,1932-09-24,natanael_garde_justitiemini,
Anton Rundqvist,Försvarsminister,1932-08-06,1932-09-24,anton_rundqvist_forsvarsmini,
Sam Larsson,Socialminister,1932-08-06,1932-09-24,sam_larsson_socialminist,
Ola Jeppsson,Kommunikationsminister,1932-08-06,1932-09-24,ola_jeppsson_kommunikatio,
Felix Hamrin,Finansminister,1932-08-06,1932-09-24,felix_hamrin_finansminist,
Sam Stadener,Ecklesiastikminister,1932-08-06,1932-09-24,sam_stadener_ecklesiastik,
Bo von Stockenström,Jordbruksminister,1932-08-06,1932-09-24,bo_von_stockenstrom_jordbruksmin,
David Hansén,Handelsminister,1932-08-06,1932-09-24,david_hansen_handelsminis,
Ragnar Gyllenswärd,Konsultativt statsråd,1932-08-06,1932-09-24,ragnar_gyllensward_konsultativt,
Åke Holmbäck,Konsultativt statsråd,1932-08-06,1932-09-24,ake_holmback_konsultativt,
Torsten Petersson,Konsultativt statsråd,1932-08-06,1932-09-24,torsten_petersson_konsultativt,
Axel Pehrsson-Bramstorp,Statsminister,1936-06-19,1936-09-28,axel_pehrsson_bramstorp_statsministe,
Karl Gustaf Westman,Utrikesminister,1936-06-19,1936-09-28,karl_gustaf_westman_utrikesminis,
Thorwald Bergquist,Justitieminister,1936-06-19,1936-09-28,thorwald_bergquist_justitiemini,
Janne Nilsson,Försvarsminister,1936-06-19,1936-09-28,janne_nilsson_forsvarsmini,
Gerhard Strindlund,Socialminister,1936-06-19,1936-09-28,gerhard_strindlund_socialminist,
Arthur Heiding,Kommunikationsminister,1936-06-19,1936-09-28,arthur_heiding_kommunikatio,
Vilmar Ljungdahl,Finansminister,1936-06-19,1936-09-28,vilmar_ljungdahl_finansminist,
Tor Andræ,Ecklesiastikminister,1936-06-19,1936-09-28,tor_andrae_ecklesiastik,
Axel Pehrsson-Bramstorp,Jordbruksminister,1936-06-19,1936-09-28,axel_pehrsson_bramstorp_jordbruksmin,
Elof Ericsson,Handelsminister,1936-06-19,1936-09-28,elof_ericsson_handelsminis,
Nils Quensel,Konsultativt statsråd,1936-06-19,1936-09-28,nils_quensel_konsultativt,
Sture Centerwall,Konsultativt statsråd,1936-06-19,1936-09-28,sture_centerwall_konsultativt,
Tage Gynnerstedt,Konsultativt statsråd,1936-06-19,1936-09-28,tage_gynnerstedt_konsultativt,
Per Albin Hansson,Statsminister,1936-09-28,1939-12-13,per_albin_hansson_statsministe,
Ernst Wigforss,Finansminister,1936-09-28,1939-12-13,ernst_wigforss_finansminist,
Rickard Sandler,Utrikesminister,1936-09-28,1939-12-13,rickard_sandler_utrikesminis,
Karl Gustaf Westman,Justitieminister,1936-09-28,1939-12-13,karl_gustaf_westman_justitiemini,
Janne Nilsson,Försvarsminister,1936-09-28,1938-12-09,janne_nilsson_forsvarsmini,
Per Edvin Sköld,Försvarsminister,1938-12-16,1939-12-13,per_edvin_skold_forsvarsmini,
Gustav Möller,Socialminister,1936-09-28,1938-12-16,gustav_moller_socialminist,
Albert Forslund,Socialminister,1938-12-16,1939-12-13,albert_forslund_socialminist,
Albert Forslund,Kommunikationsminister,1936-09-28,1938-12-16,albert_forslund_kommunikatio,
Gerhard Strindlund,Kommunikationsminister,1938-12-16,1939-12-13,gerhard_strindlund_kommunikatio,
Arthur Engberg,Ecklesiastikminister,1936-09-28,1939-12-13,arthur_engberg_ecklesiastik,
Axel Pehrsson-Bramstorp,Jordbruksminister,1936-09-28,1939-12-13,axel_pehrsson_bramstorp_jordbruksmin,
Per Edvin Sköld,Handelsminister,1936-09-28,1938-12-16,per_edvin_skold_handelsminis,
Gustav Möller,Handelsminister,1938-12-16,1939-12-13,gustav_moller_handelsminis,
Herman Eriksson,Folkhushållningsminister,1939-10-15,1939-12-13,herman_eriksson_folkhushalln,
Nils Quensel,Juristkonsult,1936-09-28,1939-12-13,nils_quensel_juristkonsul,
Karl Levinson,Juristkonsult,1936-09-28,1938-08-31,karl_levinson_juristkonsul,
Herman Eriksson,Juristkonsult,1938-08-31,1939-10-14,herman_eriksson_juristkonsul,
Gunnar Hägglöf,Juristkonsult,1939-10-14,1939-12-13,gunnar_hagglof_juristkonsul,
Thorbjörn Fälldin,Statsminister,1981-05-22,1982-10-08,thorbjorn_falldin_statsministe,
Carl Axel Petri,Justitieminister,1981-05-22,1982-10-08,carl_axel_petri_justitiemini,
Ola Ullsten,Utrikes- och biståndsminister samt vice statsminister,1981-05-22,1982-10-08,ola_ullsten_utrikes_och,
Torsten Gustafsson,Försvarsminister,1981-05-22,1982-10-08,torsten_gustafsson_forsvarsmini,
Karin Söder,Socialminister,1981-05-22,1982-10-08,karin_soder_socialminist,
Karin Ahrland,Sjukvårdsminister,1981-05-22,1982-10-08,karin_ahrland_sjukvardsmin,
Claes Elmstedt,Kommunikationsminister,1981-05-22,1982-10-08,claes_elmstedt_kommunikatio,
Rolf Wirtén,Budgetminister,1981-05-22,1982-10-08,rolf_wirten_budgetminist,
Olof Johansson,Personal- och löneminister,1981-05-22,1982-10-08,olof_johansson_personal_oc,
Rolf Wirtén,Ekonomiminister,1981-05-22,1982-10-08,rolf_wirten_ekonomiminis,
Jan-Erik Wikström,Utbildningsminister,1981-05-22,1982-10-08,jan_erik_wikstrom_utbildningsm,
Ulla Tillander,Skol- och ungdomsminister,1981-05-22,1982-10-08,ulla_tillander_skol_och_un,
Anders Dahlgren,Jordbruksminister,1981-05-22,1982-10-04,anders_dahlgren_jordbruksmin,
Claes Elmstedt,Jordbruksminister,1982-10-04,1982-10-08,claes_elmstedt_jordbruksmin,
Björn Molin,Handelsminister och  minister för nordiskt samarbete,1981-05-22,1982-10-08,bjorn_molin_handelsminis,
Ingemar Eliasson,Arbetsmarknads- och energiminister,1981-05-22,1982-10-08,ingemar_eliasson_arbetsmarkna,
Karin Andersson,Invandrar- och jämställdhetsminister,1981-05-22,1982-10-08,karin_andersson_invandrar_o,
Birgit Friggebo,Bostadsminister,1981-05-22,1982-10-08,birgit_friggebo_bostadsminis,
Nils G Åsling,Industriminister,1981-05-22,1982-10-08,nils_g_asling_industrimini,
Karl Boo,Kommun- och kyrkominister,1981-05-22,1982-10-08,karl_boo_kommun_och_,
Fredrik Reinfeldt,Statsminister,2006-10-06,2014-10-03,fredrik_reinfeldt_statsministe,
Cecilia Malmström,EU-minister,2006-10-06,2010-01-22,cecilia_malmstrom_eu_minister,
Birgitta Ohlsson,EU-minister,2010-02-02,2014-10-03,birgitta_ohlsson_eu_minister,
Birgitta Ohlsson,Demokrati- och konsumentminister,2010-10-05,2014-10-03,birgitta_ohlsson_demokrati_o,
Beatrice Ask,Justitieminister,2006-10-06,2014-10-03,beatrice_ask_justitiemini,
Tobias Billström,Migrationsminister,2006-10-06,2014-09-28,tobias_billstrom_migrationsmi,
Carl Bildt,Utrikesminister,2006-10-06,2014-10-03,carl_bildt_utrikesminis,
Gunilla Carlsson,Biståndsminister,2006-10-06,2013-09-17,gunilla_carlsson_bistandsmini,
Hillevi Engström,Biståndsminister,2013-09-17,2014-10-03,hillevi_engstrom_bistandsmini,
Maria Borelius,Handelsminister,2006-10-06,2006-10-14,maria_borelius_handelsminis,
Sten Tolgfors,Handelsminister,2006-10-24,2007-09-05,sten_tolgfors_handelsminis,
Ewa Björling,Handelsminister,2007-09-12,2014-10-03,ewa_bjorling_handelsminis,
Ewa Björling,Minister för nordiskt samarbete,2010-10-05,2014-10-03,ewa_bjorling_minister_for,
Mikael Odenberg,Försvarsminister,2006-10-06,2007-09-05,mikael_odenberg_forsvarsmini,
Sten Tolgfors,Försvarsminister,2007-09-05,2012-03-29,sten_tolgfors_forsvarsmini,
Karin Enström,Försvarsminister,2012-04-18,2014-10-03,karin_enstrom_forsvarsmini,
Göran Hägglund,Socialminister,2006-10-06,2014-10-03,goran_hagglund_socialminist,
Maria Larsson,Äldre- och folkhälsominister,2006-10-06,2010-10-05,maria_larsson_aldre_och_f,
Maria Larsson,Barn- och äldreminister,2010-10-05,2014-10-03,maria_larsson_barn_och_al,
Stefan Attefall,Civil- samfunds-  och bostadsminister,2010-10-05,2014-10-03,stefan_attefall_civil_samfu,
Cristina Husmark Pehrsson,Socialförsäkringsminister och minister för nordiskt samarbete,2006-10-06,2010-10-05,cristina_husmark_pehrsson_socialforsak,
Ulf Kristersson,Socialförsäkringsminister,2010-10-05,2014-10-03,ulf_kristersson_socialforsak,
Anders Borg,Finansminister,2006-10-06,2014-10-03,anders_borg_finansminist,
Mats Odell,Kommun- bostads-  och finansmarknadsminister,2006-10-06,2010-10-05,mats_odell_kommun_bost,
Peter Norman,Finansmarknadsminister,2010-10-05,2014-10-03,peter_norman_finansmarkna,
Lars Leijonborg,Utbildningsminister,2006-10-06,2007-09-12,lars_leijonborg_utbildningsm,
Jan Björklund,Utbildningsminister,2007-09-12,2014-10-03,jan_bjorklund_utbildningsm,
Jan Björklund,Skolminister,2006-10-06,2007-09-12,jan_bjorklund_skolminister,
Lars Leijonborg,Högskole- och forskningsminister,2007-09-12,2009-06-17,lars_leijonborg_hogskole_oc,
Tobias Krantz,Högskole- och forskningsminister,2009-06-17,2010-10-05,tobias_krantz_hogskole_oc,
Jan Björklund,Högskole- och forskningsminister samt vice statsminister,2010-10-05,2014-10-03,jan_bjorklund_hogskole_oc,
Nyamko Sabuni,Jämställdhets- och ungdomsministersamt biträdande utbildningsminister n ,2010-10-05,2013-01-21,nyamko_sabuni_jamstalldhet,
Maria Arnholm,Jämställdhets- och ungdomsministersamt biträdande utbildningsminister n ,2013-01-21,2014-10-03,maria_arnholm_jamstalldhet,
Eskil Erlandsson,Jordbruksministern ,2006-10-06,2010-10-05,eskil_erlandsson_jordbruksmin,
Eskil Erlandsson,Landsbygdsministern ,2010-10-05,2014-10-03,eskil_erlandsson_landsbygdsmi,
Andreas Carlgren,Miljöminister,2006-10-06,2011-09-29,andreas_carlgren_miljoministe,
Lena Ek,Miljöminister,2011-09-29,2014-10-03,lena_ek_miljoministe,
Maud Olofsson,Näringsminister,2006-10-06,2011-09-29,maud_olofsson_naringsminis,
Annie Lööf,Näringsminister,2011-09-29,2014-10-03,annie_loof_naringsminis,
Maud Olofsson,Energiminister,2006-10-06,2011-09-29,maud_olofsson_energiminist,
Anna-Karin Hatt,Energiminister,2011-09-29,2014-10-03,anna_karin_hatt_energiminist,
Åsa Torstensson,Infrastrukturminister,2006-10-06,2010-10-05,asa_torstensson_infrastruktu,
Catharina Elmsäter-Svärd,Infrastrukturminister,2010-10-05,2014-10-03,catharina_elmsater_svard_infrastruktu,
Anna-Karin Hatt,IT-minister,2010-10-05,2014-10-03,anna_karin_hatt_it_minister,
Anna-Karin Hatt,Regionminister,2010-10-05,2011-09-29,anna_karin_hatt_regionminist,
Annie Lööf,Regionminister,2011-09-29,2014-10-03,annie_loof_regionminist,
Maud Olofsson,Vice statsminister,2006-10-06,2010-10-05,maud_olofsson_vice_statsmi,
Nyamko Sabuni,Integrations- jämställdhets- demokrati- ungdoms- och konsumentminister,2006-10-06,2010-10-05,nyamko_sabuni_integrations,
Cecilia Stegö Chilò,Kultur- och idrottsminister,2006-10-06,2006-10-16,cecilia_stego_chilo_kultur_och_,
Lena Adelsohn Liljeroth,Kultur- och idrottsminister,2006-10-24,2014-10-03,lena_adelsohn_liljeroth_kultur_och_,
Cecilia Stegö Chilò,Samfundsminister,2006-10-06,2006-10-16,cecilia_stego_chilo_samfundsmini,
Lena Adelsohn Liljeroth,Samfundsminister,2006-10-24,2010-10-05,lena_adelsohn_liljeroth_samfundsmini,
Sven Otto Littorin,Arbetsmarknadsminister,2006-10-06,2010-07-07,sven_otto_littorin_arbetsmarkna,
Tobias Billström,Arbetsmarknadsminister,2010-07-07,2010-10-05,tobias_billstrom_arbetsmarkna,
Hillevi Engström,Arbetsmarknadsminister,2010-10-05,2013-09-17,hillevi_engstrom_arbetsmarkna,
Elisabeth Svantesson,Arbetsmarknadsminister,2013-09-17,2014-10-03,elisabeth_svantesson_arbetsmarkna,
Erik Ullenhag,Integrationsminister,2010-10-05,2014-10-03,erik_ullenhag_integrations,
Tage Erlander,Statsminister,1946-10-11,1951-10-01,tage_erlander_statsministe,
Östen Undén,Utrikesminister,1946-10-11,1951-10-01,osten_unden_utrikesminis,
Herman Zetterberg,Justitieminister,1946-10-11,1951-10-01,herman_zetterberg_justitiemini,
Allan Vougt,Försvarsminister,1946-10-11,1951-10-01,allan_vougt_forsvarsmini,
Gustav Möller,Socialminister,1946-10-11,1951-10-01,gustav_moller_socialminist,
Torsten Nilsson,Kommunikationsminister,1946-10-11,1951-10-01,torsten_nilsson_kommunikatio,
Ernst Wigforss,Finansminister,1946-10-11,1949-06-30,ernst_wigforss_finansminist,
David Hall,Finansminister,1949-07-01,1949-10-17,david_hall_finansminist,
Per Edvin Sköld,Finansminister,1949-10-21,1951-10-01,per_edvin_skold_finansminist,
Josef Weijne,Ecklesiastikminister,1946-10-11,1951-03-08,josef_weijne_ecklesiastik,
Hildur Nygren,Ecklesiastikminister,1951-03-17,1951-10-01,hildur_nygren_ecklesiastik,
Per Edvin Sköld,Jordbruksminister,1946-10-11,1948-10-29,per_edvin_skold_jordbruksmin,
Gunnar Sträng,Jordbruksminister,1948-10-29,1951-10-01,gunnar_strang_jordbruksmin,
Gunnar Myrdal,Handelsminister,1946-10-11,1947-04-11,gunnar_myrdal_handelsminis,
Axel Gjöres,Handelsminister,1947-04-11,1948-09-24,axel_gjores_handelsminis,
John Ericsson,Handelsminister,1948-09-24,1951-10-01,john_ericsson_i_kinna_handelsminis, i Kinna
Axel Gjöres,Folkhushållningsminister,1946-10-11,1947-04-11,axel_gjores_folkhushalln,
Gunnar Sträng,Folkhushållningsminister,1947-04-11,1948-10-29,gunnar_strang_folkhushalln,
Karin Kock-Lindberg,Folkhushållningsminister,1948-10-29,1949-12-31,karin_kock_lindberg_folkhushalln,
John Ericsson,Folkhushållningsminister,1950-01-01,1950-06-30,john_ericsson_i_kinna_folkhushalln, i Kinna
Eije Mossberg,Inrikesminister,1947-07-01,1951-10-01,eije_mossberg_inrikesminis,
John Lingman,Civilminister,1950-07-01,1951-10-01,john_lingman_civilministe,
Gunnar Danielson,Juristkonsult,1946-10-11,1951-10-01,gunnar_danielson_juristkonsul,
Nils Quensel,Juristkonsult och kyrkominister,1946-10-11,1951-10-01,nils_quensel_juristkonsul,
John Ericsson,Bränsleminister,1946-10-11,1948-10-28,john_ericsson_i_kinna_bransleminis, i Kinna
Eije Mossberg,Bitr socialminister,1946-10-11,1947-07-01,eije_mossberg_bitr_socialm,
Gunnar Sträng,Bitr jordbruksminister,1946-10-11,1947-04-11,gunnar_strang_bitr_jordbru,
Karin Kock-Lindberg,Ekonomiska frågor,1947-04-11,1948-10-28,karin_kock_lindberg_ekonomiska_f,
Sven Andersson,Ekonomiska frågor,1948-10-28,1951-10-01,sven_andersson_ekonomiska_f,
Per Edvin Sköld,Ekonomisk samordningsminister,1948-10-28,1949-10-21,per_edvin_skold_ekonomisk_sa,
John Lingman,Löneminister,1950-01-04,1950-07-01,john_lingman_loneminister,
Dag Hammarskjöld,Utrikeshandelsminister,1951-02-06,1951-10-01,dag_hammarskjold_utrikeshande,
Olof Palme,Statsminister,1969-10-14,1976-10-08,olof_palme_statsministe,
Carl Lidbom,Samordningsminister,1975-01-01,1975-11-01,carl_lidbom_samordningsm,
Thage G Peterson,Samordningsminister,1975-11-01,1976-10-08,thage_g_peterson_samordningsm,
Lennart Geijer,Justitieminister,1969-10-14,1976-10-08,lennart_geijer_justitiemini,
Torsten Nilsson,Utrikesminister,1969-10-14,1971-06-30,torsten_nilsson_utrikesminis,
Krister Wickman,Utrikesminister,1971-06-30,1973-11-03,krister_wickman_utrikesminis,
Sven Andersson,Utrikesminister,1973-11-03,1976-10-08,sven_andersson_utrikesminis,
Gertrud Sigurdsen,Biståndsminister,1973-11-03,1976-10-08,gertrud_sigurdsen_bistandsmini,
Alva Myrdal,Nedrustnings- och kyrkominister,1969-10-14,1973-11-03,alva_myrdal_nedrustnings,
Sven Andersson,Försvarsminister,1969-10-14,1973-11-03,sven_andersson_forsvarsmini,
Eric Holmqvist,Försvarsminister,1973-11-03,1976-10-08,eric_holmqvist_forsvarsmini,
Sven Aspling,Socialminister,1969-10-14,1976-10-08,sven_aspling_socialminist,
Camilla Odhnoff,Familje- ungdoms- och invandrarminister,1969-10-14,1973-11-03,camilla_odhnoff_familje_ung,
Bengt Norling,Kommunikationsminister,1969-10-14,1976-10-08,bengt_norling_kommunikatio,
Gunnar Sträng,Finansminister,1969-10-14,1976-10-08,gunnar_strang_finansminist,
Bertil Löfberg,Löneminister,1969-10-14,1975-11-01,bertil_lofberg_loneminister,
Kjell-Olof Feldt,Löneminister och minister för nordiskt samarbete,1975-11-01,1976-10-08,kjell_olof_feldt_loneminister,
Ingvar Carlsson,Utbildningsminister,1969-10-14,1973-11-03,ingvar_carlsson_utbildningsm,
Bertil Zachrisson,Utbildningsminister,1973-11-03,1976-10-08,bertil_zachrisson_utbildningsm,
Sven Moberg,Undervisningsminister,1969-10-14,1973-11-03,sven_moberg_undervisning,
Lena Hjelm-Wallén,Skolminister,1974-01-04,1976-10-08,lena_hjelm_wallen_skolminister,
Ingemund Bengtsson,Jordbruksminister,1969-10-14,1973-11-03,ingemund_bengtsson_jordbruksmin,
Svante Lundkvist,Jordbruksminister,1973-11-03,1976-10-08,svante_lundkvist_jordbruksmin,
Gunnar Lange,Handelsminister,1969-10-14,1970-10-09,gunnar_lange_handelsminis,
Kjell-Olof Feldt,Handelsminister,1970-10-03,1975-11-01,kjell_olof_feldt_handelsminis,
Carl Lidbom,Handelsminister,1975-11-01,1976-10-08,carl_lidbom_handelsminis,
Kjell-Olof Feldt,Minister för nordiskt samarbete,1970-10-03,1975-11-01,kjell_olof_feldt_minister_for,
Eric Holmqvist,Inrikesminister,1969-10-14,1973-11-03,eric_holmqvist_inrikesminis,
Ingemund Bengtsson,Inrikesminister,1973-11-03,1973-12-31,ingemund_bengtsson_inrikesminis,
Ingemund Bengtsson,Arbetsmarknadsminister,1974-01-01,1976-10-08,ingemund_bengtsson_arbetsmarkna,
Anna-Greta Leijon,Invandrar- och jämställdhetsminister,1973-11-03,1976-10-08,anna_greta_leijon_invandrar_o,
Ingvar Carlsson,Bostadsminister,1973-11-03,1976-10-08,ingvar_carlsson_bostadsminis,
Svante Lundkvist,Civilminister,1969-10-14,1973-11-03,svante_lundkvist_civilministe,
Hans Gustafsson,Civilminister,1973-11-03,1973-12-31,hans_gustafsson_civilministe,
Hans Gustafsson,Kommunminister,1974-01-01,1976-10-08,hans_gustafsson_kommunminist,
Hans Gustafsson,Kyrkominister,1973-11-03,1976-10-08,hans_gustafsson_kyrkoministe,
Krister Wickman,Industriminister,1969-10-14,1971-06-30,krister_wickman_industrimini,
Rune B Johansson,Industriminister,1971-06-30,1976-10-08,rune_b_johansson_industrimini,
Sven-Eric Nilsson,Juristkonsult,1969-10-14,1973-06-30,sven_eric_nilsson_juristkonsul,
Carl Lidbom,Juristkonsult,1969-10-14,1974-12-31,carl_lidbom_juristkonsul,
Stefan Löfven,Statsminister,2014-10-03,2019-01-21,stefan_lofven_statsministe,
Kristina Persson,Minister för strategi och framtidsfrågor samt nordiskt samarbete,2014-10-03,2016-05-25,kristina_persson_minister_for,
Ibrahim Baylan,Samordnings- och energiminister,2016-05-25,2019-01-21,ibrahim_baylan_samordnings_,
Morgan Johansson,Justitie- och migrationsminister,2014-10-03,2017-07-27,morgan_johansson_justitie_oc,
Morgan Johansson,Justitie- och inrikesminister,2017-07-27,2019-01-21,morgan_johansson_justitie_oc,
Heléne Fritzon,Migrationsminister och biträdande justitieminister,2017-07-27,2019-01-21,helene_fritzon_migrationsmi,
Anders Ygeman,Inrikesminister,2014-10-03,2017-07-27,anders_ygeman_inrikesminis,
Margot Wallström,Utrikesminister,2014-10-03,2019-01-21,margot_wallstrom_utrikesminis,
Isabella Lövin,Biståndsminister,2014-10-03,2016-05-25,isabella_lovin_bistandsmini,
Isabella Lövin,Minister för internationellt utvecklingssamarbete  och klimat samt vice statsminister,2016-05-25,2019-01-21,isabella_lovin_minister_for,
Ann Linde,EU- och handelsminister,2016-05-25,2019-01-21,ann_linde_eu_och_hand,
Peter Hultqvist,Försvarsminister,2014-10-03,2019-01-21,peter_hultqvist_forsvarsmini,
Annika Strandhäll,Socialförsäkringsminister,2014-10-03,2017-07-27,annika_strandhall_socialforsak,
Annika Strandhäll,Socialminister,2017-07-27,2019-01-21,annika_strandhall_socialminist,
Gabriel Wikström,Folkhälso- sjukvårds- och idrottsminister,2014-10-03,2017-07-27,gabriel_wikstrom_folkhalso_s,
Åsa Regnér,Barn- äldre- och jämställdhetsminister,2014-10-03,2018-03-08,asa_regner_barn_aldre_,
Lena Hallengren,Barn- äldre- och jämställdhetsminister,2018-03-08,2019-01-21,lena_hallengren_barn_aldre_,
Magdalena Andersson,Finansminister,2014-10-03,2019-01-21,magdalena_andersson_finansminist,
Per Bolund,Finansmarknads- och konsumentminister,2014-10-03,2019-01-21,per_bolund_finansmarkna,
Ardalan Shekarabi,Civilminister,2014-10-03,2019-01-21,ardalan_shekarabi_civilministe,
Gustav Fridolin,Utbildningsminister,2014-10-03,2019-01-21,gustav_fridolin_utbildningsm,
Aida Hadzialic,Gymnasie- ungdoms- och kunskapslyftsminister,2014-10-03,2016-08-15,aida_hadzialic_gymnasie_un,
Helene Hellmark Knutsson,Gymnasie- ungdoms- och kunskapslyftsminister,2016-08-15,2016-09-13,helene_hellmark_knutsson_gymnasie_un,
Anna Ekström,Gymnasie- ungdoms- och kunskapslyftsminister,2016-09-13,2019-01-21,anna_ekstrom_gymnasie_un,
Helene Hellmark Knutsson,Minister för högre utbildning och forskning,2014-10-03,2019-01-21,helene_hellmark_knutsson_minister_for,
Åsa Romson,Klimat- och miljöminister samt vice statsminister,2014-10-03,2016-05-25,asa_romson_klimat_och_,
Karolina Skog,Miljöminister,2016-05-25,2019-01-21,karolina_skog_miljoministe,
Ibrahim Baylan,Energiminister,2014-10-03,2016-05-25,ibrahim_baylan_energiminist,
Mikael Damberg,Närings- och innovationsminister,2014-10-03,2019-01-21,mikael_damberg_narings_och,
Mehmet Kaplan,Bostads- IT- och stadsutvecklingsminister,2014-10-03,2016-04-18,mehmet_kaplan_bostads_it_,
Per Bolund,Bostads- IT- och stadsutvecklingsminister,2016-04-18,2016-05-25,per_bolund_bostads_it_,
Peter Eriksson,Bostads- och digitaliseringsminister,2016-05-25,2019-01-21,peter_eriksson_bostads_och,
Anna Johansson,Infrastrukturminister,2014-10-03,2017-07-27,anna_johansson_infrastruktu,
Tomas Eneroth,Infrastrukturminister,2017-07-27,2019-01-21,tomas_eneroth_infrastruktu,
Sven-Erik Bucht,Landsbygdsminister,2014-10-03,2019-01-21,sven_erik_bucht_landsbygdsmi,
Alice Bah Kuhnke,Kultur- samfunds- och demokratiminister,2014-10-03,2019-01-21,alice_bah_kuhnke_kultur_samf,
Ylva Johansson,Arbetsmarknadsminister,2014-10-03,2016-05-25,ylva_johansson_arbetsmarkna,
Ylva Johansson,Arbetsmarknads- och etableringsminister,2016-05-25,2019-01-21,ylva_johansson_arbetsmarkna,
Carl Gustaf Ekman,Statsminister,1930-06-07,1932-08-06,carl_gustaf_ekman_statsministe,
Felix Hamrin,Finansminister,1930-06-07,1932-08-06,felix_hamrin_finansminist,
Natanael Gärde,Justitieminister,1930-06-07,1932-08-06,natanael_garde_justitiemini,
Fredrik Ramel,Utrikesminister,1930-06-07,1932-08-06,fredrik_ramel_utrikesminis,
Carl Gustaf Ekman,Försvarsminister,1930-06-07,1931-06-19,carl_gustaf_ekman_forsvarsmini,
Anton Rundqvist,Försvarsminister,1931-06-19,1932-08-06,anton_rundqvist_forsvarsmini,
Sam Larsson,Socialminister,1930-06-07,1932-08-06,sam_larsson_socialminist,
Ola Jeppsson,Kommunikationsminister,1930-06-07,1932-08-06,ola_jeppsson_kommunikatio,
Samuel Stadener,Ecklesiastikminister,1930-06-07,1932-08-06,samuel_stadener_ecklesiastik,
Bo von Stockenström,Jordbruksminister,1930-06-07,1932-08-06,bo_von_stockenstrom_jordbruksmin,
David Hansén,Handelsminister,1930-06-07,1932-08-06,david_hansen_handelsminis,
Ragnar Gyllenswärd,Konsultativt statsråd,1930-06-07,1932-08-06,ragnar_gyllensward_konsultativt,
Åke Holmbäck,Konsultativt statsråd,1930-06-07,1932-08-06,ake_holmback_konsultativt,
Erik Österberg,Konsultativt statsråd,1930-06-07,1930-12-12,erik_osterberg_konsultativt,
Anton Rundqvist,Konsultativt statsråd,1930-12-12,1931-06-19,anton_rundqvist_konsultativt,
Stefan Löfven,Statsminister,2019-01-21,2021-07-09,stefan_lofven_statsministe,
Hans Dahlgren,EU-minister,2019-01-21,2021-07-09,hans_dahlgren_eu_minister,
Morgan Johansson,Justitie- och migrationsminister,2019-01-21,2021-07-09,morgan_johansson_justitie_oc,
Mikael Damberg,Inrikesminister,2019-01-21,2021-07-09,mikael_damberg_inrikesminis,
Margot Wallström,Utrikesminister,2019-01-21,2019-09-10,margot_wallstrom_utrikesminis,
Ann Linde,Utrikesminister,2019-09-10,2021-07-09,ann_linde_utrikesminis,
Peter Eriksson,Minister för internationellt utvecklingssamarbete,2019-01-21,2020-12-17,peter_eriksson_minister_for,
Isabella Lövin,Minister för internationellt utvecklingssamarbete,2020-12-17,2021-02-05,isabella_lovin_minister_for,
Per Olsson Fridh,Minister för internationellt utvecklingssamarbete,2021-02-05,2021-07-09,per_olsson_fridh_minister_for,
Ann Linde,Utrikeshandelsminister ochminister med ansvar för nordiska frågor,2019-01-21,2019-09-10,ann_linde_utrikeshande,
Anna Hallberg,Utrikeshandelsminister ochminister med ansvar för nordiska frågor,2019-09-10,2021-07-09,anna_hallberg_utrikeshande,
Peter Hultqvist,Försvarsminister,2019-01-21,2021-07-09,peter_hultqvist_forsvarsmini,
Lena Hallengren,Socialminister,2019-01-21,2021-07-09,lena_hallengren_socialminist,
Annika Strandhäll,Socialförsäkringsminister,2019-01-21,2019-10-01,annika_strandhall_socialforsak,
Ardalan Shekarabi,Socialförsäkringsminister,2019-10-01,2021-07-09,ardalan_shekarabi_socialforsak,
Magdalena Andersson,Finansminister,2019-01-21,2021-07-09,magdalena_andersson_finansminist,
Per Bolund,Finansmarknads- och bostadsministerbiträdande finansminister,2019-01-21,2021-02-05,per_bolund_finansmarkna,
Åsa Lindhagen,Finansmarknads- och biträdande finansminister,2021-02-05,2021-07-09,asa_lindhagen_finansmarkna,
Ardalan Shekarabi,Civilminister,2019-01-21,2019-10-01,ardalan_shekarabi_civilministe,
Lena Micko,Civilminister,2019-10-01,2021-07-09,lena_micko_civilministe,
Anna Ekström,Utbildningsminister,2019-01-21,2021-07-09,anna_ekstrom_utbildningsm,
Matilda Ernkrans,Minister för högre utbildning och forskning,2019-01-21,2021-07-09,matilda_ernkrans_minister_for,
Isabella Lövin,Miljö- och klimatminister samt vice statsminister,2019-01-21,2021-02-05,isabella_lovin_miljo_och_k,
Per Bolund,Miljö- och klimatminister samt vice statsminister,2021-02-05,2021-07-09,per_bolund_miljo_och_k,
Ibrahim Baylan,Näringsminister,2019-01-21,2021-07-09,ibrahim_baylan_naringsminis,
Jennie Nilsson,Landsbygdsminister,2019-01-21,2021-06-30,jennie_nilsson_landsbygdsmi,
Ibrahim Baylan,Landsbygdsminister,2021-06-30,2021-07-09,ibrahim_baylan_landsbygdsmi,
Tomas Eneroth,Infrastrukturminister,2019-01-21,2019-03-31,tomas_eneroth_infrastruktu,
Anders Ygeman,Energi- och digitaliseringsminister,2019-01-21,2019-03-31,anders_ygeman_energi_och_,
Amanda Lind,Kultur- och demokratiminister samtminister med ansvar för idrottsfrågorna,2019-01-21,2021-07-09,amanda_lind_kultur_och_,
Ylva Johansson,Arbetsmarknadsminister,2019-01-21,2019-09-10,ylva_johansson_arbetsmarkna,
Eva Nordmark,Arbetsmarknadsminister,2019-09-10,2021-07-09,eva_nordmark_arbetsmarkna,
Åsa Lindhagen,Jämställdhetsminister samtminister med ansvar för arbetet motdiskriminering och segregation,2019-01-21,2021-02-05,asa_lindhagen_jamstalldhet,
Märta Stenevi,Jämställdhetsminister bostadsminister samtminister med ansvar för arbetet motdiskriminering och segregation,2021-02-05,2021-07-09,marta_stenevi_jamstalldhet,
Tomas Eneroth,Infrastrukturminister,2019-04-01,2021-07-09,tomas_eneroth_infrastruktu,
Anders Ygeman,Energi- och digitaliseringsminister,2019-04-01,2021-07-09,anders_ygeman_energi_och_,
